epoch,batch,global_step,loss
1,1,0,2.67483
1,2,1,2.41239
1,3,2,2.2472
1,4,3,2.094
1,5,4,1.9822
1,6,5,1.90942
1,7,6,1.81768
1,8,7,1.64093
1,9,8,1.64653
1,10,9,1.47674
1,11,10,1.4549
1,12,11,1.46301
1,13,12,2.12816
1,14,13,3.16862
1,15,14,2.51425
1,16,15,2.08695
1,17,16,2.08553
1,18,17,2.03288
1,19,18,1.94663
1,20,19,1.87907
1,21,20,1.80866
1,22,21,1.68855
1,23,22,1.58972
1,24,23,1.48731
1,25,24,1.19098
1,26,25,1.19194
1,27,26,0.956533
1,28,27,0.942169
1,29,28,1.01131
1,30,29,1.01432
1,31,30,1.81685
1,32,31,2.89654
1,33,32,2.21615
1,34,33,1.86647
1,35,34,1.30576
1,36,35,1.5313
1,37,36,1.56678
1,38,37,1.5567
1,39,38,1.44265
1,40,39,1.43844
1,41,40,1.40843
1,42,41,1.30154
1,43,42,1.16004
1,44,43,1.2127
1,45,44,1.12034
1,46,45,0.944187
1,47,46,1.02507
1,48,47,0.932837
1,49,48,0.916865
1,50,49,1.15948
1,51,50,1.10365
1,52,51,1.03636
1,53,52,0.843425
1,54,53,0.768917
1,55,54,0.765249
1,56,55,0.68603
1,57,56,0.640571
1,58,57,0.792761
1,59,58,0.820131
1,60,59,0.764555
1,61,60,0.736002
1,62,61,0.708133
1,63,62,0.744897
1,64,63,0.679946
1,65,64,0.879788
1,66,65,0.541519
1,67,66,0.579002
1,68,67,0.858965
1,69,68,0.730639
1,70,69,0.665094
1,71,70,0.690898
1,72,71,0.739324
1,73,72,0.53219
1,74,73,0.723844
1,75,74,0.76807
1,76,75,0.62082
1,77,76,0.677801
1,78,77,0.512105
1,79,78,0.782966
1,80,79,0.597473
1,81,80,0.552441
1,82,81,0.628869
1,83,82,0.538993
1,84,83,0.70292
1,85,84,0.679387
1,86,85,0.769507
1,87,86,0.597237
1,88,87,0.678422
1,89,88,0.711419
1,90,89,0.53892
1,91,90,0.565014
1,92,91,0.590424
1,93,92,0.716652
1,94,93,0.515184
1,95,94,0.718078
1,96,95,0.600418
1,97,96,0.662845
1,98,97,0.609238
1,99,98,0.667834
1,100,99,0.498177
1,101,100,0.595008
1,102,101,0.548327
1,103,102,0.671965
1,104,103,0.686753
1,105,104,0.663178
1,106,105,0.6581
1,107,106,0.568512
1,108,107,0.535834
1,109,108,0.564439
1,110,109,0.556254
1,111,110,0.478551
1,112,111,0.481324
1,113,112,0.559683
1,114,113,0.600728
1,115,114,0.533916
1,116,115,0.529263
1,117,116,0.55891
1,118,117,0.496225
1,119,118,0.596909
1,120,119,0.552855
1,121,120,0.491506
1,122,121,0.51784
1,123,122,0.620291
1,124,123,0.575454
1,125,124,0.499041
1,126,125,0.507482
1,127,126,0.609598
1,128,127,0.475604
1,129,128,0.42975
1,130,129,0.498458
1,131,130,0.488058
1,132,131,0.515995
1,133,132,0.562846
1,134,133,0.367917
1,135,134,0.502306
1,136,135,0.679496
1,137,136,0.548589
1,138,137,0.574595
1,139,138,0.481962
1,140,139,0.480704
1,141,140,0.366798
1,142,141,0.528038
1,143,142,0.382752
1,144,143,0.433215
1,145,144,0.583195
1,146,145,0.586469
1,147,146,0.465759
1,148,147,0.435892
1,149,148,0.598515
1,150,149,0.482155
1,151,150,0.454045
1,152,151,0.366521
1,153,152,0.420866
1,154,153,0.493131
1,155,154,0.46384
1,156,155,0.479735
1,157,156,0.381693
1,158,157,0.509892
1,159,158,0.492681
1,160,159,0.571485
1,161,160,0.537836
1,162,161,0.48299
1,163,162,0.67085
1,164,163,0.609434
1,165,164,0.483558
1,166,165,0.640188
1,167,166,0.386574
1,168,167,0.484988
1,169,168,0.539685
1,170,169,0.431837
1,171,170,0.479005
1,172,171,0.489971
1,173,172,0.551791
1,174,173,0.58359
1,175,174,0.443723
1,176,175,0.555237
1,177,176,0.579539
1,178,177,0.363286
1,179,178,0.572681
1,180,179,0.534091
1,181,180,0.613145
1,182,181,0.39714
1,183,182,0.455534
1,184,183,0.449209
1,185,184,0.505571
1,186,185,0.467063
1,187,186,0.529543
1,188,187,0.495754
1,189,188,0.451707
1,190,189,0.584198
1,191,190,0.548054
1,192,191,0.447309
1,193,192,0.35756
1,194,193,0.646166
1,195,194,0.438761
1,196,195,0.401992
1,197,196,0.495809
1,198,197,0.547079
1,199,198,0.349563
1,200,199,0.418858
1,201,200,0.566258
1,202,201,0.411957
1,203,202,0.34637
1,204,203,0.398739
1,205,204,0.5302
1,206,205,0.623851
1,207,206,0.562639
1,208,207,0.513042
1,209,208,0.536749
1,210,209,0.398657
1,211,210,0.470077
1,212,211,0.450994
1,213,212,0.536472
1,214,213,0.363649
1,215,214,0.49939
1,216,215,0.610888
1,217,216,0.521097
1,218,217,0.478503
1,219,218,0.58514
1,220,219,0.429059
1,221,220,0.51302
1,222,221,0.426375
1,223,222,0.428381
1,224,223,0.463267
1,225,224,0.558446
1,226,225,0.448843
1,227,226,0.537705
1,228,227,0.445027
1,229,228,0.51352
1,230,229,0.570473
1,231,230,0.301321
1,232,231,0.39929
1,233,232,0.328535
1,234,233,0.381445
1,235,234,0.470745
1,236,235,0.332974
1,237,236,0.503701
1,238,237,0.439218
1,239,238,0.557193
1,240,239,0.49729
1,241,240,0.389244
1,242,241,0.471735
1,243,242,0.580552
1,244,243,0.477444
1,245,244,0.368471
1,246,245,0.539168
1,247,246,0.363458
1,248,247,0.448345
1,249,248,0.481243
1,250,249,0.426821
1,251,250,0.579889
1,252,251,0.433306
1,253,252,0.360469
1,254,253,0.415562
1,255,254,0.427667
1,256,255,0.394757
1,257,256,0.470174
1,258,257,0.411235
1,259,258,0.610843
1,260,259,0.439524
1,261,260,0.514392
1,262,261,0.465476
1,263,262,0.519125
1,264,263,0.526136
1,265,264,0.516088
1,266,265,0.423143
1,267,266,0.408359
1,268,267,0.44329
1,269,268,0.4385
1,270,269,0.412387
1,271,270,0.520348
1,272,271,0.331921
1,273,272,0.489083
1,274,273,0.423962
1,275,274,0.510423
1,276,275,0.44998
1,277,276,0.414467
1,278,277,0.393786
1,279,278,0.489597
1,280,279,0.301377
1,281,280,0.377658
1,282,281,0.417633
1,283,282,0.585486
1,284,283,0.53973
1,285,284,0.361208
1,286,285,0.382592
1,287,286,0.538324
1,288,287,0.407164
1,289,288,0.590818
1,290,289,0.292015
1,291,290,0.410804
1,292,291,0.381368
1,293,292,0.509144
1,294,293,0.409881
1,295,294,0.359164
1,296,295,0.511346
1,297,296,0.289605
1,298,297,0.443884
1,299,298,0.389558
1,300,299,0.479139
1,301,300,0.33766
1,302,301,0.391049
1,303,302,0.272428
1,304,303,0.417559
1,305,304,0.327073
1,306,305,0.425849
1,307,306,0.406878
1,308,307,0.395518
1,309,308,0.532606
1,310,309,0.380515
1,311,310,0.464879
1,312,311,0.483736
1,313,312,0.377273
1,314,313,0.43932
1,315,314,0.450152
1,316,315,0.417509
1,317,316,0.521803
1,318,317,0.542745
1,319,318,0.461462
1,320,319,0.337279
1,321,320,0.396372
1,322,321,0.398093
1,323,322,0.45763
1,324,323,0.350242
1,325,324,0.304607
1,326,325,0.382067
1,327,326,0.516768
1,328,327,0.371178
1,329,328,0.473285
1,330,329,0.249637
1,331,330,0.368534
1,332,331,0.231163
1,333,332,0.497689
1,334,333,0.382464
1,335,334,0.522636
1,336,335,0.346929
1,337,336,0.256822
1,338,337,0.412936
1,339,338,0.341359
1,340,339,0.444271
1,341,340,0.401088
1,342,341,0.411345
1,343,342,0.379556
1,344,343,0.299593
1,345,344,0.463736
1,346,345,0.440977
1,347,346,0.382271
1,348,347,0.442195
1,349,348,0.415776
1,350,349,0.399703
1,351,350,0.321039
1,352,351,0.320917
1,353,352,0.315688
1,354,353,0.279189
1,355,354,0.390837
1,356,355,0.33049
1,357,356,0.333934
1,358,357,0.437836
1,359,358,0.457125
1,360,359,0.594407
1,361,360,0.379879
1,362,361,0.510538
1,363,362,0.379389
1,364,363,0.302252
1,365,364,0.421523
1,366,365,0.302733
1,367,366,0.365887
1,368,367,0.394784
1,369,368,0.308364
1,370,369,0.417328
1,371,370,0.438601
1,372,371,0.417377
1,373,372,0.429362
1,374,373,0.264046
1,375,374,0.484313
1,376,375,0.350733
1,377,376,0.399063
1,378,377,0.427681
1,379,378,0.331094
1,380,379,0.616604
1,381,380,0.453836
1,382,381,0.377818
1,383,382,0.41343
1,384,383,0.290909
1,385,384,0.47476
1,386,385,0.397934
1,387,386,0.255557
1,388,387,0.352184
1,389,388,0.476673
1,390,389,0.268769
1,391,390,0.343115
1,392,391,0.36861
1,393,392,0.327589
1,394,393,0.423739
1,395,394,0.354552
1,396,395,0.291946
1,397,396,0.362686
1,398,397,0.333368
1,399,398,0.348365
1,400,399,0.424207
1,401,400,0.506789
1,402,401,0.312056
1,403,402,0.404662
1,404,403,0.368319
1,405,404,0.429948
1,406,405,0.41208
1,407,406,0.314986
1,408,407,0.541871
1,409,408,0.353434
1,410,409,0.459947
1,411,410,0.335329
1,412,411,0.39613
1,413,412,0.454547
1,414,413,0.441499
1,415,414,0.395286
1,416,415,0.508222
1,417,416,0.284624
1,418,417,0.356248
1,419,418,0.316407
1,420,419,0.514441
1,421,420,0.383351
1,422,421,0.231251
1,423,422,0.307977
1,424,423,0.410961
1,425,424,0.47481
1,426,425,0.511304
1,427,426,0.364123
1,428,427,0.410371
1,429,428,0.437775
1,430,429,0.364352
1,431,430,0.262935
1,432,431,0.4829
1,433,432,0.395569
1,434,433,0.399188
1,435,434,0.424236
1,436,435,0.440413
1,437,436,0.434579
1,438,437,0.371899
1,439,438,0.357854
1,440,439,0.331672
1,441,440,0.381632
1,442,441,0.388025
1,443,442,0.51564
1,444,443,0.36697
1,445,444,0.424784
1,446,445,0.29789
1,447,446,0.317759
1,448,447,0.374557
1,449,448,0.344333
1,450,449,0.312348
1,451,450,0.397606
1,452,451,0.369093
1,453,452,0.425193
1,454,453,0.359401
1,455,454,0.408096
1,456,455,0.307675
1,457,456,0.318587
1,458,457,0.432199
1,459,458,0.375716
1,460,459,0.403748
1,461,460,0.517282
1,462,461,0.373596
1,463,462,0.462927
1,464,463,0.323266
1,465,464,0.375059
1,466,465,0.290995
1,467,466,0.36295
1,468,467,0.315046
2,1,468,0.481646
2,2,469,0.261942
2,3,470,0.444686
2,4,471,0.447868
2,5,472,0.454986
2,6,473,0.405844
2,7,474,0.292425
2,8,475,0.297473
2,9,476,0.517676
2,10,477,0.2804
2,11,478,0.421587
2,12,479,0.325117
2,13,480,0.386394
2,14,481,0.378671
2,15,482,0.29913
2,16,483,0.304959
2,17,484,0.315023
2,18,485,0.308037
2,19,486,0.358528
2,20,487,0.441426
2,21,488,0.394749
2,22,489,0.369694
2,23,490,0.470279
2,24,491,0.392895
2,25,492,0.393592
2,26,493,0.47911
2,27,494,0.400525
2,28,495,0.378093
2,29,496,0.363281
2,30,497,0.380844
2,31,498,0.262162
2,32,499,0.447373
2,33,500,0.25653
2,34,501,0.335316
2,35,502,0.524209
2,36,503,0.30732
2,37,504,0.479384
2,38,505,0.313319
2,39,506,0.281445
2,40,507,0.375259
2,41,508,0.378654
2,42,509,0.291418
2,43,510,0.278268
2,44,511,0.460034
2,45,512,0.256312
2,46,513,0.366681
2,47,514,0.301956
2,48,515,0.364651
2,49,516,0.415656
2,50,517,0.520636
2,51,518,0.210329
2,52,519,0.412505
2,53,520,0.286038
2,54,521,0.208086
2,55,522,0.47219
2,56,523,0.3247
2,57,524,0.397636
2,58,525,0.358436
2,59,526,0.335142
2,60,527,0.29813
2,61,528,0.414723
2,62,529,0.323585
2,63,530,0.348423
2,64,531,0.324145
2,65,532,0.27548
2,66,533,0.383916
2,67,534,0.374608
2,68,535,0.459215
2,69,536,0.326834
2,70,537,0.295308
2,71,538,0.336472
2,72,539,0.433814
2,73,540,0.299752
2,74,541,0.332999
2,75,542,0.344124
2,76,543,0.306646
2,77,544,0.430585
2,78,545,0.370603
2,79,546,0.369284
2,80,547,0.377004
2,81,548,0.340306
2,82,549,0.466078
2,83,550,0.324798
2,84,551,0.287363
2,85,552,0.330384
2,86,553,0.30863
2,87,554,0.257039
2,88,555,0.330196
2,89,556,0.380303
2,90,557,0.393659
2,91,558,0.247924
2,92,559,0.312774
2,93,560,0.31966
2,94,561,0.421235
2,95,562,0.35769
2,96,563,0.349767
2,97,564,0.436436
2,98,565,0.26146
2,99,566,0.291535
2,100,567,0.4555
2,101,568,0.290255
2,102,569,0.256485
2,103,570,0.321904
2,104,571,0.369554
2,105,572,0.334261
2,106,573,0.368529
2,107,574,0.24345
2,108,575,0.388403
2,109,576,0.302348
2,110,577,0.313636
2,111,578,0.30884
2,112,579,0.224084
2,113,580,0.264026
2,114,581,0.493411
2,115,582,0.362655
2,116,583,0.220578
2,117,584,0.410184
2,118,585,0.393667
2,119,586,0.283009
2,120,587,0.317752
2,121,588,0.286458
2,122,589,0.23588
2,123,590,0.337102
2,124,591,0.306955
2,125,592,0.430114
2,126,593,0.359768
2,127,594,0.231011
2,128,595,0.248258
2,129,596,0.356153
2,130,597,0.230278
2,131,598,0.374211
2,132,599,0.327744
2,133,600,0.25026
2,134,601,0.370372
2,135,602,0.396689
2,136,603,0.311321
2,137,604,0.271644
2,138,605,0.23835
2,139,606,0.254842
2,140,607,0.304578
2,141,608,0.59135
2,142,609,0.431916
2,143,610,0.397531
2,144,611,0.324548
2,145,612,0.413672
2,146,613,0.279293
2,147,614,0.273099
2,148,615,0.505271
2,149,616,0.307878
2,150,617,0.286542
2,151,618,0.436076
2,152,619,0.238289
2,153,620,0.381323
2,154,621,0.283212
2,155,622,0.236193
2,156,623,0.25114
2,157,624,0.243053
2,158,625,0.36057
2,159,626,0.248204
2,160,627,0.318365
2,161,628,0.267463
2,162,629,0.2519
2,163,630,0.257281
2,164,631,0.397473
2,165,632,0.404411
2,166,633,0.363365
2,167,634,0.313221
2,168,635,0.373654
2,169,636,0.351108
2,170,637,0.243861
2,171,638,0.267455
2,172,639,0.423426
2,173,640,0.315373
2,174,641,0.331271
2,175,642,0.37423
2,176,643,0.469272
2,177,644,0.35252
2,178,645,0.412608
2,179,646,0.275639
2,180,647,0.374223
2,181,648,0.338047
2,182,649,0.289293
2,183,650,0.230552
2,184,651,0.28788
2,185,652,0.538348
2,186,653,0.24613
2,187,654,0.346045
2,188,655,0.443434
2,189,656,0.392032
2,190,657,0.31856
2,191,658,0.448228
2,192,659,0.256017
2,193,660,0.439408
2,194,661,0.338705
2,195,662,0.334749
2,196,663,0.628025
2,197,664,0.218919
2,198,665,0.348485
2,199,666,0.402426
2,200,667,0.339448
2,201,668,0.292748
2,202,669,0.295622
2,203,670,0.330119
2,204,671,0.341871
2,205,672,0.391156
2,206,673,0.353187
2,207,674,0.292441
2,208,675,0.234416
2,209,676,0.458597
2,210,677,0.298996
2,211,678,0.505205
2,212,679,0.281602
2,213,680,0.270115
2,214,681,0.310802
2,215,682,0.305419
2,216,683,0.397032
2,217,684,0.443487
2,218,685,0.340868
2,219,686,0.445978
2,220,687,0.245925
2,221,688,0.432694
2,222,689,0.496101
2,223,690,0.305383
2,224,691,0.302281
2,225,692,0.295182
2,226,693,0.308137
2,227,694,0.414342
2,228,695,0.324221
2,229,696,0.260638
2,230,697,0.441884
2,231,698,0.362426
2,232,699,0.301298
2,233,700,0.306526
2,234,701,0.324326
2,235,702,0.439256
2,236,703,0.289357
2,237,704,0.237583
2,238,705,0.463088
2,239,706,0.344262
2,240,707,0.500693
2,241,708,0.279476
2,242,709,0.435186
2,243,710,0.238752
2,244,711,0.257073
2,245,712,0.276703
2,246,713,0.416698
2,247,714,0.429848
2,248,715,0.308321
2,249,716,0.357633
2,250,717,0.296652
2,251,718,0.25222
2,252,719,0.214033
2,253,720,0.340237
2,254,721,0.279771
2,255,722,0.271553
2,256,723,0.343591
2,257,724,0.405855
2,258,725,0.25552
2,259,726,0.421517
2,260,727,0.241354
2,261,728,0.433636
2,262,729,0.340435
2,263,730,0.208682
2,264,731,0.232869
2,265,732,0.284698
2,266,733,0.422744
2,267,734,0.255476
2,268,735,0.378566
2,269,736,0.290499
2,270,737,0.406911
2,271,738,0.219396
2,272,739,0.305619
2,273,740,0.311455
2,274,741,0.255448
2,275,742,0.300662
2,276,743,0.281067
2,277,744,0.256714
2,278,745,0.434268
2,279,746,0.361539
2,280,747,0.362066
2,281,748,0.318782
2,282,749,0.537155
2,283,750,0.290235
2,284,751,0.340349
2,285,752,0.331737
2,286,753,0.399017
2,287,754,0.311055
2,288,755,0.279915
2,289,756,0.279946
2,290,757,0.304227
2,291,758,0.239573
2,292,759,0.333803
2,293,760,0.237025
2,294,761,0.248291
2,295,762,0.26236
2,296,763,0.374115
2,297,764,0.293789
2,298,765,0.330804
2,299,766,0.384988
2,300,767,0.318819
2,301,768,0.408641
2,302,769,0.388062
2,303,770,0.252481
2,304,771,0.314756
2,305,772,0.301492
2,306,773,0.274251
2,307,774,0.26543
2,308,775,0.358819
2,309,776,0.335357
2,310,777,0.387187
2,311,778,0.392864
2,312,779,0.446776
2,313,780,0.207657
2,314,781,0.327424
2,315,782,0.271555
2,316,783,0.278244
2,317,784,0.324735
2,318,785,0.365242
2,319,786,0.280199
2,320,787,0.325507
2,321,788,0.296487
2,322,789,0.259369
2,323,790,0.399694
2,324,791,0.37989
2,325,792,0.31414
2,326,793,0.284575
2,327,794,0.344532
2,328,795,0.231722
2,329,796,0.374383
2,330,797,0.44612
2,331,798,0.266842
2,332,799,0.239184
2,333,800,0.263449
2,334,801,0.287133
2,335,802,0.299101
2,336,803,0.353898
2,337,804,0.411241
2,338,805,0.353489
2,339,806,0.311221
2,340,807,0.298286
2,341,808,0.286917
2,342,809,0.204013
2,343,810,0.32734
2,344,811,0.27197
2,345,812,0.359903
2,346,813,0.280588
2,347,814,0.294757
2,348,815,0.288856
2,349,816,0.39689
2,350,817,0.311616
2,351,818,0.404162
2,352,819,0.365047
2,353,820,0.349075
2,354,821,0.439731
2,355,822,0.258392
2,356,823,0.451889
2,357,824,0.280491
2,358,825,0.322302
2,359,826,0.296878
2,360,827,0.341215
2,361,828,0.334735
2,362,829,0.27061
2,363,830,0.380765
2,364,831,0.32794
2,365,832,0.252593
2,366,833,0.261234
2,367,834,0.299634
2,368,835,0.294854
2,369,836,0.253323
2,370,837,0.282519
2,371,838,0.378478
2,372,839,0.436844
2,373,840,0.34251
2,374,841,0.237779
2,375,842,0.321743
2,376,843,0.311759
2,377,844,0.235577
2,378,845,0.31735
2,379,846,0.328109
2,380,847,0.430663
2,381,848,0.38152
2,382,849,0.249337
2,383,850,0.394981
2,384,851,0.388241
2,385,852,0.301833
2,386,853,0.197047
2,387,854,0.363997
2,388,855,0.271228
2,389,856,0.289139
2,390,857,0.337634
2,391,858,0.31118
2,392,859,0.260945
2,393,860,0.214233
2,394,861,0.243354
2,395,862,0.475778
2,396,863,0.247067
2,397,864,0.308817
2,398,865,0.326627
2,399,866,0.315722
2,400,867,0.432637
2,401,868,0.387601
2,402,869,0.363347
2,403,870,0.461488
2,404,871,0.163145
2,405,872,0.24033
2,406,873,0.231647
2,407,874,0.345416
2,408,875,0.376756
2,409,876,0.345842
2,410,877,0.462125
2,411,878,0.24394
2,412,879,0.316438
2,413,880,0.256473
2,414,881,0.335789
2,415,882,0.344232
2,416,883,0.243795
2,417,884,0.284198
2,418,885,0.296572
2,419,886,0.45891
2,420,887,0.292224
2,421,888,0.340594
2,422,889,0.333212
2,423,890,0.366223
2,424,891,0.431165
2,425,892,0.272857
2,426,893,0.374936
2,427,894,0.228361
2,428,895,0.269691
2,429,896,0.334684
2,430,897,0.256352
2,431,898,0.374261
2,432,899,0.23623
2,433,900,0.287334
2,434,901,0.301122
2,435,902,0.273425
2,436,903,0.263229
2,437,904,0.364743
2,438,905,0.356566
2,439,906,0.402293
2,440,907,0.345575
2,441,908,0.429092
2,442,909,0.373423
2,443,910,0.292731
2,444,911,0.329526
2,445,912,0.405597
2,446,913,0.397578
2,447,914,0.351405
2,448,915,0.345754
2,449,916,0.271094
2,450,917,0.385131
2,451,918,0.351471
2,452,919,0.302966
2,453,920,0.269895
2,454,921,0.361061
2,455,922,0.378647
2,456,923,0.37434
2,457,924,0.35577
2,458,925,0.302771
2,459,926,0.345293
2,460,927,0.310823
2,461,928,0.282355
2,462,929,0.305117
2,463,930,0.203892
2,464,931,0.33706
2,465,932,0.36266
2,466,933,0.317626
2,467,934,0.475666
2,468,935,0.19024
3,1,936,0.260866
3,2,937,0.243113
3,3,938,0.250667
3,4,939,0.339382
3,5,940,0.307447
3,6,941,0.354819
3,7,942,0.33739
3,8,943,0.26364
3,9,944,0.34347
3,10,945,0.263618
3,11,946,0.270563
3,12,947,0.271743
3,13,948,0.331548
3,14,949,0.248687
3,15,950,0.268559
3,16,951,0.310455
3,17,952,0.283633
3,18,953,0.354349
3,19,954,0.279644
3,20,955,0.33301
3,21,956,0.302704
3,22,957,0.308469
3,23,958,0.262081
3,24,959,0.299697
3,25,960,0.248459
3,26,961,0.216419
3,27,962,0.412879
3,28,963,0.274419
3,29,964,0.299771
3,30,965,0.354184
3,31,966,0.391686
3,32,967,0.217007
3,33,968,0.358012
3,34,969,0.28505
3,35,970,0.220452
3,36,971,0.294335
3,37,972,0.347925
3,38,973,0.226333
3,39,974,0.395836
3,40,975,0.274755
3,41,976,0.235537
3,42,977,0.457366
3,43,978,0.289358
3,44,979,0.310649
3,45,980,0.447033
3,46,981,0.327993
3,47,982,0.37407
3,48,983,0.450592
3,49,984,0.312172
3,50,985,0.203395
3,51,986,0.30417
3,52,987,0.321049
3,53,988,0.238135
3,54,989,0.219782
3,55,990,0.334317
3,56,991,0.40449
3,57,992,0.240383
3,58,993,0.304213
3,59,994,0.427921
3,60,995,0.259291
3,61,996,0.335488
3,62,997,0.343188
3,63,998,0.302824
3,64,999,0.314879
3,65,1000,0.2892
3,66,1001,0.195119
3,67,1002,0.217217
3,68,1003,0.295802
3,69,1004,0.232765
3,70,1005,0.3436
3,71,1006,0.370155
3,72,1007,0.401223
3,73,1008,0.252357
3,74,1009,0.394683
3,75,1010,0.362758
3,76,1011,0.33914
3,77,1012,0.26808
3,78,1013,0.321992
3,79,1014,0.310546
3,80,1015,0.300453
3,81,1016,0.199346
3,82,1017,0.299618
3,83,1018,0.242193
3,84,1019,0.248877
3,85,1020,0.207533
3,86,1021,0.29397
3,87,1022,0.332647
3,88,1023,0.323908
3,89,1024,0.237538
3,90,1025,0.159114
3,91,1026,0.303039
3,92,1027,0.351379
3,93,1028,0.588841
3,94,1029,0.313202
3,95,1030,0.354092
3,96,1031,0.268767
3,97,1032,0.202608
3,98,1033,0.295621
3,99,1034,0.383968
3,100,1035,0.343793
3,101,1036,0.24527
3,102,1037,0.347433
3,103,1038,0.316886
3,104,1039,0.262892
3,105,1040,0.324362
3,106,1041,0.197364
3,107,1042,0.304553
3,108,1043,0.298504
3,109,1044,0.24154
3,110,1045,0.294004
3,111,1046,0.333029
3,112,1047,0.2496
3,113,1048,0.363756
3,114,1049,0.297723
3,115,1050,0.34772
3,116,1051,0.268522
3,117,1052,0.338347
3,118,1053,0.267698
3,119,1054,0.454312
3,120,1055,0.306337
3,121,1056,0.233997
3,122,1057,0.263406
3,123,1058,0.275146
3,124,1059,0.1958
3,125,1060,0.39567
3,126,1061,0.286543
3,127,1062,0.376707
3,128,1063,0.235571
3,129,1064,0.271743
3,130,1065,0.312192
3,131,1066,0.29283
3,132,1067,0.301195
3,133,1068,0.22651
3,134,1069,0.398718
3,135,1070,0.227049
3,136,1071,0.328103
3,137,1072,0.359591
3,138,1073,0.203212
3,139,1074,0.258164
3,140,1075,0.24397
3,141,1076,0.196817
3,142,1077,0.279059
3,143,1078,0.220599
3,144,1079,0.212079
3,145,1080,0.319196
3,146,1081,0.273615
3,147,1082,0.307735
3,148,1083,0.235561
3,149,1084,0.393323
3,150,1085,0.199943
3,151,1086,0.330096
3,152,1087,0.266658
3,153,1088,0.175458
3,154,1089,0.250091
3,155,1090,0.373646
3,156,1091,0.32279
3,157,1092,0.351737
3,158,1093,0.241137
3,159,1094,0.325051
3,160,1095,0.200906
3,161,1096,0.272662
3,162,1097,0.366725
3,163,1098,0.255741
3,164,1099,0.368011
3,165,1100,0.363076
3,166,1101,0.229548
3,167,1102,0.228483
3,168,1103,0.315959
3,169,1104,0.238124
3,170,1105,0.262685
3,171,1106,0.224915
3,172,1107,0.223286
3,173,1108,0.205891
3,174,1109,0.260933
3,175,1110,0.233576
3,176,1111,0.321709
3,177,1112,0.264891
3,178,1113,0.2691
3,179,1114,0.252283
3,180,1115,0.2386
3,181,1116,0.235873
3,182,1117,0.324077
3,183,1118,0.209654
3,184,1119,0.362651
3,185,1120,0.088484
3,186,1121,0.245179
3,187,1122,0.312851
3,188,1123,0.281462
3,189,1124,0.268219
3,190,1125,0.336759
3,191,1126,0.263424
3,192,1127,0.374574
3,193,1128,0.287505
3,194,1129,0.382882
3,195,1130,0.250484
3,196,1131,0.251376
3,197,1132,0.27826
3,198,1133,0.28725
3,199,1134,0.237423
3,200,1135,0.337591
3,201,1136,0.352737
3,202,1137,0.372621
3,203,1138,0.274479
3,204,1139,0.310279
3,205,1140,0.198056
3,206,1141,0.287458
3,207,1142,0.309879
3,208,1143,0.377227
3,209,1144,0.286162
3,210,1145,0.250272
3,211,1146,0.255732
3,212,1147,0.32749
3,213,1148,0.353186
3,214,1149,0.28416
3,215,1150,0.233501
3,216,1151,0.324761
3,217,1152,0.310602
3,218,1153,0.184185
3,219,1154,0.234128
3,220,1155,0.345718
3,221,1156,0.410574
3,222,1157,0.300711
3,223,1158,0.42312
3,224,1159,0.297279
3,225,1160,0.339611
3,226,1161,0.34041
3,227,1162,0.218843
3,228,1163,0.363064
3,229,1164,0.215664
3,230,1165,0.300542
3,231,1166,0.278596
3,232,1167,0.370755
3,233,1168,0.282607
3,234,1169,0.302093
3,235,1170,0.29998
3,236,1171,0.344638
3,237,1172,0.255842
3,238,1173,0.342827
3,239,1174,0.285801
3,240,1175,0.187187
3,241,1176,0.346864
3,242,1177,0.299673
3,243,1178,0.283664
3,244,1179,0.325029
3,245,1180,0.377486
3,246,1181,0.333007
3,247,1182,0.284865
3,248,1183,0.333162
3,249,1184,0.221766
3,250,1185,0.286107
3,251,1186,0.285339
3,252,1187,0.307516
3,253,1188,0.214367
3,254,1189,0.310057
3,255,1190,0.214464
3,256,1191,0.111195
3,257,1192,0.308487
3,258,1193,0.246423
3,259,1194,0.40657
3,260,1195,0.31258
3,261,1196,0.236545
3,262,1197,0.327906
3,263,1198,0.200276
3,264,1199,0.247215
3,265,1200,0.441407
3,266,1201,0.313968
3,267,1202,0.278847
3,268,1203,0.276675
3,269,1204,0.426561
3,270,1205,0.276109
3,271,1206,0.32887
3,272,1207,0.272509
3,273,1208,0.193196
3,274,1209,0.264619
3,275,1210,0.242556
3,276,1211,0.331126
3,277,1212,0.342197
3,278,1213,0.362007
3,279,1214,0.357388
3,280,1215,0.257958
3,281,1216,0.286333
3,282,1217,0.233491
3,283,1218,0.298705
3,284,1219,0.292038
3,285,1220,0.317588
3,286,1221,0.224788
3,287,1222,0.284215
3,288,1223,0.143024
3,289,1224,0.270181
3,290,1225,0.28729
3,291,1226,0.232927
3,292,1227,0.289102
3,293,1228,0.319427
3,294,1229,0.295182
3,295,1230,0.333105
3,296,1231,0.330855
3,297,1232,0.30658
3,298,1233,0.254032
3,299,1234,0.312016
3,300,1235,0.336878
3,301,1236,0.308172
3,302,1237,0.247757
3,303,1238,0.271631
3,304,1239,0.255237
3,305,1240,0.237366
3,306,1241,0.28351
3,307,1242,0.233113
3,308,1243,0.321893
3,309,1244,0.324542
3,310,1245,0.366962
3,311,1246,0.319641
3,312,1247,0.250671
3,313,1248,0.218331
3,314,1249,0.259187
3,315,1250,0.243133
3,316,1251,0.28087
3,317,1252,0.366789
3,318,1253,0.214602
3,319,1254,0.2963
3,320,1255,0.287825
3,321,1256,0.309724
3,322,1257,0.320274
3,323,1258,0.261832
3,324,1259,0.209524
3,325,1260,0.200993
3,326,1261,0.177649
3,327,1262,0.384275
3,328,1263,0.240976
3,329,1264,0.307734
3,330,1265,0.299061
3,331,1266,0.201661
3,332,1267,0.192764
3,333,1268,0.22736
3,334,1269,0.279106
3,335,1270,0.328795
3,336,1271,0.418725
3,337,1272,0.244417
3,338,1273,0.267154
3,339,1274,0.260016
3,340,1275,0.256287
3,341,1276,0.299606
3,342,1277,0.142428
3,343,1278,0.265847
3,344,1279,0.294654
3,345,1280,0.40212
3,346,1281,0.263755
3,347,1282,0.358506
3,348,1283,0.241041
3,349,1284,0.236286
3,350,1285,0.344962
3,351,1286,0.22746
3,352,1287,0.260205
3,353,1288,0.278361
3,354,1289,0.274945
3,355,1290,0.274681
3,356,1291,0.285451
3,357,1292,0.244215
3,358,1293,0.376842
3,359,1294,0.216874
3,360,1295,0.250917
3,361,1296,0.246886
3,362,1297,0.37083
3,363,1298,0.275606
3,364,1299,0.169227
3,365,1300,0.351846
3,366,1301,0.272344
3,367,1302,0.279504
3,368,1303,0.321088
3,369,1304,0.212301
3,370,1305,0.244625
3,371,1306,0.237611
3,372,1307,0.20324
3,373,1308,0.250159
3,374,1309,0.18654
3,375,1310,0.298008
3,376,1311,0.275376
3,377,1312,0.31626
3,378,1313,0.320841
3,379,1314,0.331567
3,380,1315,0.315183
3,381,1316,0.2504
3,382,1317,0.420867
3,383,1318,0.340584
3,384,1319,0.234929
3,385,1320,0.223231
3,386,1321,0.377885
3,387,1322,0.329319
3,388,1323,0.279842
3,389,1324,0.390128
3,390,1325,0.269224
3,391,1326,0.289277
3,392,1327,0.207158
3,393,1328,0.426847
3,394,1329,0.313936
3,395,1330,0.442093
3,396,1331,0.238439
3,397,1332,0.407387
3,398,1333,0.292241
3,399,1334,0.36664
3,400,1335,0.332802
3,401,1336,0.17937
3,402,1337,0.206042
3,403,1338,0.199204
3,404,1339,0.255205
3,405,1340,0.173445
3,406,1341,0.294383
3,407,1342,0.306869
3,408,1343,0.312616
3,409,1344,0.232808
3,410,1345,0.328419
3,411,1346,0.157025
3,412,1347,0.274883
3,413,1348,0.422819
3,414,1349,0.246225
3,415,1350,0.430637
3,416,1351,0.278403
3,417,1352,0.169731
3,418,1353,0.243971
3,419,1354,0.298986
3,420,1355,0.295666
3,421,1356,0.382605
3,422,1357,0.23958
3,423,1358,0.328462
3,424,1359,0.250553
3,425,1360,0.237089
3,426,1361,0.257334
3,427,1362,0.422252
3,428,1363,0.227262
3,429,1364,0.3185
3,430,1365,0.201833
3,431,1366,0.266636
3,432,1367,0.227462
3,433,1368,0.402043
3,434,1369,0.350791
3,435,1370,0.298839
3,436,1371,0.252424
3,437,1372,0.228286
3,438,1373,0.390178
3,439,1374,0.299398
3,440,1375,0.329506
3,441,1376,0.254647
3,442,1377,0.182872
3,443,1378,0.275711
3,444,1379,0.279786
3,445,1380,0.208803
3,446,1381,0.33575
3,447,1382,0.126881
3,448,1383,0.219352
3,449,1384,0.290586
3,450,1385,0.203043
3,451,1386,0.181684
3,452,1387,0.291597
3,453,1388,0.350785
3,454,1389,0.325752
3,455,1390,0.289686
3,456,1391,0.22765
3,457,1392,0.178394
3,458,1393,0.342169
3,459,1394,0.241902
3,460,1395,0.290381
3,461,1396,0.226675
3,462,1397,0.193548
3,463,1398,0.418468
3,464,1399,0.288366
3,465,1400,0.371281
3,466,1401,0.274064
3,467,1402,0.3467
3,468,1403,0.387354
4,1,1404,0.24337
4,2,1405,0.309916
4,3,1406,0.215062
4,4,1407,0.262337
4,5,1408,0.237594
4,6,1409,0.289388
4,7,1410,0.362896
4,8,1411,0.260761
4,9,1412,0.344034
4,10,1413,0.397016
4,11,1414,0.270062
4,12,1415,0.249074
4,13,1416,0.279442
4,14,1417,0.193379
4,15,1418,0.203703
4,16,1419,0.216007
4,17,1420,0.215929
4,18,1421,0.289781
4,19,1422,0.228664
4,20,1423,0.27182
4,21,1424,0.306675
4,22,1425,0.195432
4,23,1426,0.352492
4,24,1427,0.281377
4,25,1428,0.291085
4,26,1429,0.302329
4,27,1430,0.273796
4,28,1431,0.178553
4,29,1432,0.234181
4,30,1433,0.145296
4,31,1434,0.228516
4,32,1435,0.215101
4,33,1436,0.253578
4,34,1437,0.202488
4,35,1438,0.273781
4,36,1439,0.232859
4,37,1440,0.164443
4,38,1441,0.33173
4,39,1442,0.230885
4,40,1443,0.237004
4,41,1444,0.439438
4,42,1445,0.259584
4,43,1446,0.375482
4,44,1447,0.227613
4,45,1448,0.266223
4,46,1449,0.218824
4,47,1450,0.384768
4,48,1451,0.271341
4,49,1452,0.191468
4,50,1453,0.226225
4,51,1454,0.310476
4,52,1455,0.237946
4,53,1456,0.305804
4,54,1457,0.205376
4,55,1458,0.17289
4,56,1459,0.196442
4,57,1460,0.178394
4,58,1461,0.176947
4,59,1462,0.371441
4,60,1463,0.19539
4,61,1464,0.34084
4,62,1465,0.168823
4,63,1466,0.310707
4,64,1467,0.178606
4,65,1468,0.319834
4,66,1469,0.189579
4,67,1470,0.235005
4,68,1471,0.189248
4,69,1472,0.308005
4,70,1473,0.224565
4,71,1474,0.230905
4,72,1475,0.277047
4,73,1476,0.291066
4,74,1477,0.344902
4,75,1478,0.196489
4,76,1479,0.207814
4,77,1480,0.23432
4,78,1481,0.327903
4,79,1482,0.194809
4,80,1483,0.185773
4,81,1484,0.225664
4,82,1485,0.28127
4,83,1486,0.139913
4,84,1487,0.223999
4,85,1488,0.189058
4,86,1489,0.458832
4,87,1490,0.16236
4,88,1491,0.300431
4,89,1492,0.278141
4,90,1493,0.193703
4,91,1494,0.18698
4,92,1495,0.237074
4,93,1496,0.269441
4,94,1497,0.243465
4,95,1498,0.292336
4,96,1499,0.223548
4,97,1500,0.274262
4,98,1501,0.180887
4,99,1502,0.261382
4,100,1503,0.288714
4,101,1504,0.39912
4,102,1505,0.242319
4,103,1506,0.289451
4,104,1507,0.318657
4,105,1508,0.287793
4,106,1509,0.362297
4,107,1510,0.258966
4,108,1511,0.210808
4,109,1512,0.164639
4,110,1513,0.232641
4,111,1514,0.274456
4,112,1515,0.246345
4,113,1516,0.241662
4,114,1517,0.246276
4,115,1518,0.25697
4,116,1519,0.293691
4,117,1520,0.307142
4,118,1521,0.222772
4,119,1522,0.276144
4,120,1523,0.203011
4,121,1524,0.31592
4,122,1525,0.191828
4,123,1526,0.226577
4,124,1527,0.186371
4,125,1528,0.363408
4,126,1529,0.253094
4,127,1530,0.204812
4,128,1531,0.151868
4,129,1532,0.107672
4,130,1533,0.332955
4,131,1534,0.288262
4,132,1535,0.286405
4,133,1536,0.4182
4,134,1537,0.317419
4,135,1538,0.284879
4,136,1539,0.177792
4,137,1540,0.295544
4,138,1541,0.24589
4,139,1542,0.204253
4,140,1543,0.3847
4,141,1544,0.340307
4,142,1545,0.222223
4,143,1546,0.253923
4,144,1547,0.384525
4,145,1548,0.326024
4,146,1549,0.234612
4,147,1550,0.3197
4,148,1551,0.211927
4,149,1552,0.293544
4,150,1553,0.256646
4,151,1554,0.268689
4,152,1555,0.192863
4,153,1556,0.256024
4,154,1557,0.325766
4,155,1558,0.199537
4,156,1559,0.150347
4,157,1560,0.258671
4,158,1561,0.260165
4,159,1562,0.190872
4,160,1563,0.429622
4,161,1564,0.357774
4,162,1565,0.273738
4,163,1566,0.260705
4,164,1567,0.23807
4,165,1568,0.241867
4,166,1569,0.325928
4,167,1570,0.252859
4,168,1571,0.275795
4,169,1572,0.263858
4,170,1573,0.217574
4,171,1574,0.279659
4,172,1575,0.26976
4,173,1576,0.283233
4,174,1577,0.177069
4,175,1578,0.319819
4,176,1579,0.253433
4,177,1580,0.368874
4,178,1581,0.175419
4,179,1582,0.228237
4,180,1583,0.223486
4,181,1584,0.258303
4,182,1585,0.255619
4,183,1586,0.261337
4,184,1587,0.208485
4,185,1588,0.329333
4,186,1589,0.353041
4,187,1590,0.314901
4,188,1591,0.252014
4,189,1592,0.25478
4,190,1593,0.20845
4,191,1594,0.22524
4,192,1595,0.234596
4,193,1596,0.224019
4,194,1597,0.17629
4,195,1598,0.208018
4,196,1599,0.199281
4,197,1600,0.23455
4,198,1601,0.151523
4,199,1602,0.27078
4,200,1603,0.373721
4,201,1604,0.312808
4,202,1605,0.232003
4,203,1606,0.214096
4,204,1607,0.274024
4,205,1608,0.169597
4,206,1609,0.270482
4,207,1610,0.275749
4,208,1611,0.32144
4,209,1612,0.184166
4,210,1613,0.223935
4,211,1614,0.251065
4,212,1615,0.27394
4,213,1616,0.224312
4,214,1617,0.286595
4,215,1618,0.190558
4,216,1619,0.386544
4,217,1620,0.224239
4,218,1621,0.31358
4,219,1622,0.248996
4,220,1623,0.319285
4,221,1624,0.365122
4,222,1625,0.345612
4,223,1626,0.263562
4,224,1627,0.229706
4,225,1628,0.273137
4,226,1629,0.212971
4,227,1630,0.231668
4,228,1631,0.208236
4,229,1632,0.315634
4,230,1633,0.37254
4,231,1634,0.324629
4,232,1635,0.348698
4,233,1636,0.222342
4,234,1637,0.234459
4,235,1638,0.325126
4,236,1639,0.269743
4,237,1640,0.317459
4,238,1641,0.206646
4,239,1642,0.289329
4,240,1643,0.267533
4,241,1644,0.370415
4,242,1645,0.165982
4,243,1646,0.233184
4,244,1647,0.193624
4,245,1648,0.251437
4,246,1649,0.348197
4,247,1650,0.260112
4,248,1651,0.384819
4,249,1652,0.268887
4,250,1653,0.29307
4,251,1654,0.289451
4,252,1655,0.175376
4,253,1656,0.295171
4,254,1657,0.216915
4,255,1658,0.278186
4,256,1659,0.269284
4,257,1660,0.273746
4,258,1661,0.215038
4,259,1662,0.182968
4,260,1663,0.211621
4,261,1664,0.302054
4,262,1665,0.201455
4,263,1666,0.360663
4,264,1667,0.305429
4,265,1668,0.170711
4,266,1669,0.285503
4,267,1670,0.167079
4,268,1671,0.33655
4,269,1672,0.329122
4,270,1673,0.322884
4,271,1674,0.330737
4,272,1675,0.345633
4,273,1676,0.244967
4,274,1677,0.285688
4,275,1678,0.262361
4,276,1679,0.264776
4,277,1680,0.18603
4,278,1681,0.285871
4,279,1682,0.184823
4,280,1683,0.280134
4,281,1684,0.294248
4,282,1685,0.176574
4,283,1686,0.259551
4,284,1687,0.244807
4,285,1688,0.219651
4,286,1689,0.324785
4,287,1690,0.271173
4,288,1691,0.129567
4,289,1692,0.299104
4,290,1693,0.222267
4,291,1694,0.297886
4,292,1695,0.337372
4,293,1696,0.264228
4,294,1697,0.378946
4,295,1698,0.260544
4,296,1699,0.249091
4,297,1700,0.19383
4,298,1701,0.361481
4,299,1702,0.179836
4,300,1703,0.290343
4,301,1704,0.321486
4,302,1705,0.330466
4,303,1706,0.347115
4,304,1707,0.268702
4,305,1708,0.249111
4,306,1709,0.175625
4,307,1710,0.228186
4,308,1711,0.214892
4,309,1712,0.253229
4,310,1713,0.307458
4,311,1714,0.19234
4,312,1715,0.228398
4,313,1716,0.278665
4,314,1717,0.26291
4,315,1718,0.399417
4,316,1719,0.269291
4,317,1720,0.204374
4,318,1721,0.263536
4,319,1722,0.239007
4,320,1723,0.157619
4,321,1724,0.24756
4,322,1725,0.315542
4,323,1726,0.236813
4,324,1727,0.291112
4,325,1728,0.207558
4,326,1729,0.107042
4,327,1730,0.177898
4,328,1731,0.295934
4,329,1732,0.272382
4,330,1733,0.206944
4,331,1734,0.190718
4,332,1735,0.324668
4,333,1736,0.295159
4,334,1737,0.218704
4,335,1738,0.227361
4,336,1739,0.221144
4,337,1740,0.179503
4,338,1741,0.313378
4,339,1742,0.254707
4,340,1743,0.160858
4,341,1744,0.210824
4,342,1745,0.266118
4,343,1746,0.212692
4,344,1747,0.233734
4,345,1748,0.256213
4,346,1749,0.191576
4,347,1750,0.338173
4,348,1751,0.27388
4,349,1752,0.200047
4,350,1753,0.178106
4,351,1754,0.299465
4,352,1755,0.211864
4,353,1756,0.261601
4,354,1757,0.316684
4,355,1758,0.249137
4,356,1759,0.376052
4,357,1760,0.252017
4,358,1761,0.224413
4,359,1762,0.20296
4,360,1763,0.201287
4,361,1764,0.248858
4,362,1765,0.30908
4,363,1766,0.378415
4,364,1767,0.230055
4,365,1768,0.231343
4,366,1769,0.237602
4,367,1770,0.24038
4,368,1771,0.234659
4,369,1772,0.230841
4,370,1773,0.212298
4,371,1774,0.418999
4,372,1775,0.24059
4,373,1776,0.297548
4,374,1777,0.310492
4,375,1778,0.287247
4,376,1779,0.290537
4,377,1780,0.182253
4,378,1781,0.223991
4,379,1782,0.272082
4,380,1783,0.260012
4,381,1784,0.33342
4,382,1785,0.347406
4,383,1786,0.256981
4,384,1787,0.284051
4,385,1788,0.273741
4,386,1789,0.364608
4,387,1790,0.32912
4,388,1791,0.355659
4,389,1792,0.353771
4,390,1793,0.202497
4,391,1794,0.201115
4,392,1795,0.338386
4,393,1796,0.231939
4,394,1797,0.17836
4,395,1798,0.308998
4,396,1799,0.30249
4,397,1800,0.217001
4,398,1801,0.272622
4,399,1802,0.209598
4,400,1803,0.328137
4,401,1804,0.17359
4,402,1805,0.179571
4,403,1806,0.299633
4,404,1807,0.193411
4,405,1808,0.252937
4,406,1809,0.345853
4,407,1810,0.1909
4,408,1811,0.276401
4,409,1812,0.349641
4,410,1813,0.27364
4,411,1814,0.216849
4,412,1815,0.237082
4,413,1816,0.252863
4,414,1817,0.237367
4,415,1818,0.287702
4,416,1819,0.15005
4,417,1820,0.24596
4,418,1821,0.236391
4,419,1822,0.226331
4,420,1823,0.470932
4,421,1824,0.199172
4,422,1825,0.359387
4,423,1826,0.264744
4,424,1827,0.253239
4,425,1828,0.364799
4,426,1829,0.203906
4,427,1830,0.381578
4,428,1831,0.243518
4,429,1832,0.274194
4,430,1833,0.288487
4,431,1834,0.222848
4,432,1835,0.321303
4,433,1836,0.232081
4,434,1837,0.182821
4,435,1838,0.252511
4,436,1839,0.311966
4,437,1840,0.320636
4,438,1841,0.17692
4,439,1842,0.166975
4,440,1843,0.325106
4,441,1844,0.241324
4,442,1845,0.280612
4,443,1846,0.22252
4,444,1847,0.443986
4,445,1848,0.219167
4,446,1849,0.201879
4,447,1850,0.236556
4,448,1851,0.275811
4,449,1852,0.19822
4,450,1853,0.27316
4,451,1854,0.263876
4,452,1855,0.184695
4,453,1856,0.247115
4,454,1857,0.258545
4,455,1858,0.225275
4,456,1859,0.182909
4,457,1860,0.306654
4,458,1861,0.246206
4,459,1862,0.241048
4,460,1863,0.313208
4,461,1864,0.268308
4,462,1865,0.200555
4,463,1866,0.220345
4,464,1867,0.255281
4,465,1868,0.301898
4,466,1869,0.233633
4,467,1870,0.178973
4,468,1871,0.269941
5,1,1872,0.230654
5,2,1873,0.272225
5,3,1874,0.283978
5,4,1875,0.203651
5,5,1876,0.193259
5,6,1877,0.214153
5,7,1878,0.266104
5,8,1879,0.182845
5,9,1880,0.222168
5,10,1881,0.316469
5,11,1882,0.258234
5,12,1883,0.243961
5,13,1884,0.244883
5,14,1885,0.18443
5,15,1886,0.281596
5,16,1887,0.347124
5,17,1888,0.174679
5,18,1889,0.301192
5,19,1890,0.25804
5,20,1891,0.206336
5,21,1892,0.272189
5,22,1893,0.227465
5,23,1894,0.184499
5,24,1895,0.274659
5,25,1896,0.316936
5,26,1897,0.16733
5,27,1898,0.174748
5,28,1899,0.223251
5,29,1900,0.165597
5,30,1901,0.321453
5,31,1902,0.326015
5,32,1903,0.268021
5,33,1904,0.209054
5,34,1905,0.156274
5,35,1906,0.258356
5,36,1907,0.193675
5,37,1908,0.178981
5,38,1909,0.240847
5,39,1910,0.216809
5,40,1911,0.223917
5,41,1912,0.205855
5,42,1913,0.367415
5,43,1914,0.259953
5,44,1915,0.294137
5,45,1916,0.323707
5,46,1917,0.275576
5,47,1918,0.204425
5,48,1919,0.316898
5,49,1920,0.178662
5,50,1921,0.185374
5,51,1922,0.291734
5,52,1923,0.247305
5,53,1924,0.170852
5,54,1925,0.203291
5,55,1926,0.304845
5,56,1927,0.289096
5,57,1928,0.197694
5,58,1929,0.147341
5,59,1930,0.307639
5,60,1931,0.331752
5,61,1932,0.270798
5,62,1933,0.205211
5,63,1934,0.238278
5,64,1935,0.324259
5,65,1936,0.218011
5,66,1937,0.154237
5,67,1938,0.182329
5,68,1939,0.276377
5,69,1940,0.224317
5,70,1941,0.147629
5,71,1942,0.249231
5,72,1943,0.240243
5,73,1944,0.262202
5,74,1945,0.169175
5,75,1946,0.294627
5,76,1947,0.155399
5,77,1948,0.239081
5,78,1949,0.312047
5,79,1950,0.247396
5,80,1951,0.162747
5,81,1952,0.271842
5,82,1953,0.298249
5,83,1954,0.171881
5,84,1955,0.161355
5,85,1956,0.285489
5,86,1957,0.275055
5,87,1958,0.292907
5,88,1959,0.283953
5,89,1960,0.217104
5,90,1961,0.215719
5,91,1962,0.292363
5,92,1963,0.211322
5,93,1964,0.302425
5,94,1965,0.318437
5,95,1966,0.263037
5,96,1967,0.257426
5,97,1968,0.3961
5,98,1969,0.248457
5,99,1970,0.23074
5,100,1971,0.244592
5,101,1972,0.21536
5,102,1973,0.266158
5,103,1974,0.123839
5,104,1975,0.319971
5,105,1976,0.216628
5,106,1977,0.30417
5,107,1978,0.265661
5,108,1979,0.175899
5,109,1980,0.267918
5,110,1981,0.15222
5,111,1982,0.160776
5,112,1983,0.254896
5,113,1984,0.165768
5,114,1985,0.249981
5,115,1986,0.22157
5,116,1987,0.253182
5,117,1988,0.257081
5,118,1989,0.247639
5,119,1990,0.225249
5,120,1991,0.201657
5,121,1992,0.132361
5,122,1993,0.157611
5,123,1994,0.314227
5,124,1995,0.280826
5,125,1996,0.187176
5,126,1997,0.199262
5,127,1998,0.269202
5,128,1999,0.2434
5,129,2000,0.346731
5,130,2001,0.212209
5,131,2002,0.123898
5,132,2003,0.194726
5,133,2004,0.163152
5,134,2005,0.325928
5,135,2006,0.172012
5,136,2007,0.32715
5,137,2008,0.130442
5,138,2009,0.220433
5,139,2010,0.278185
5,140,2011,0.16745
5,141,2012,0.312538
5,142,2013,0.184393
5,143,2014,0.21465
5,144,2015,0.156977
5,145,2016,0.169877
5,146,2017,0.248305
5,147,2018,0.22613
5,148,2019,0.325727
5,149,2020,0.213647
5,150,2021,0.243662
5,151,2022,0.199239
5,152,2023,0.266792
5,153,2024,0.226805
5,154,2025,0.208633
5,155,2026,0.316883
5,156,2027,0.2104
5,157,2028,0.152341
5,158,2029,0.0992293
5,159,2030,0.33972
5,160,2031,0.12719
5,161,2032,0.140391
5,162,2033,0.300778
5,163,2034,0.17358
5,164,2035,0.305907
5,165,2036,0.19697
5,166,2037,0.248819
5,167,2038,0.248364
5,168,2039,0.15303
5,169,2040,0.232671
5,170,2041,0.194253
5,171,2042,0.277603
5,172,2043,0.334625
5,173,2044,0.26621
5,174,2045,0.285956
5,175,2046,0.252711
5,176,2047,0.172742
5,177,2048,0.19683
5,178,2049,0.335726
5,179,2050,0.201646
5,180,2051,0.182258
5,181,2052,0.240682
5,182,2053,0.259888
5,183,2054,0.206183
5,184,2055,0.225286
5,185,2056,0.196948
5,186,2057,0.28796
5,187,2058,0.258968
5,188,2059,0.291362
5,189,2060,0.220399
5,190,2061,0.213616
5,191,2062,0.223962
5,192,2063,0.178951
5,193,2064,0.207272
5,194,2065,0.247642
5,195,2066,0.188053
5,196,2067,0.168851
5,197,2068,0.237586
5,198,2069,0.230878
5,199,2070,0.211951
5,200,2071,0.243984
5,201,2072,0.409768
5,202,2073,0.277471
5,203,2074,0.227258
5,204,2075,0.346585
5,205,2076,0.190037
5,206,2077,0.430663
5,207,2078,0.188675
5,208,2079,0.216636
5,209,2080,0.128739
5,210,2081,0.271717
5,211,2082,0.269056
5,212,2083,0.278647
5,213,2084,0.328416
5,214,2085,0.277833
5,215,2086,0.226517
5,216,2087,0.241249
5,217,2088,0.240131
5,218,2089,0.220316
5,219,2090,0.203091
5,220,2091,0.215959
5,221,2092,0.252632
5,222,2093,0.279573
5,223,2094,0.288975
5,224,2095,0.171862
5,225,2096,0.133691
5,226,2097,0.235874
5,227,2098,0.18786
5,228,2099,0.233208
5,229,2100,0.16537
5,230,2101,0.200404
5,231,2102,0.260632
5,232,2103,0.209976
5,233,2104,0.237024
5,234,2105,0.178234
5,235,2106,0.124964
5,236,2107,0.184343
5,237,2108,0.24595
5,238,2109,0.203693
5,239,2110,0.206165
5,240,2111,0.362644
5,241,2112,0.302822
5,242,2113,0.199859
5,243,2114,0.34841
5,244,2115,0.187932
5,245,2116,0.235228
5,246,2117,0.24505
5,247,2118,0.199234
5,248,2119,0.256388
5,249,2120,0.228556
5,250,2121,0.283603
5,251,2122,0.211495
5,252,2123,0.273961
5,253,2124,0.230002
5,254,2125,0.224576
5,255,2126,0.239471
5,256,2127,0.337336
5,257,2128,0.185328
5,258,2129,0.444261
5,259,2130,0.238632
5,260,2131,0.248356
5,261,2132,0.152999
5,262,2133,0.221998
5,263,2134,0.253163
5,264,2135,0.278771
5,265,2136,0.260508
5,266,2137,0.232903
5,267,2138,0.287584
5,268,2139,0.183302
5,269,2140,0.123152
5,270,2141,0.17274
5,271,2142,0.271498
5,272,2143,0.222112
5,273,2144,0.335876
5,274,2145,0.17385
5,275,2146,0.249703
5,276,2147,0.272448
5,277,2148,0.334309
5,278,2149,0.303797
5,279,2150,0.191613
5,280,2151,0.271601
5,281,2152,0.304341
5,282,2153,0.205398
5,283,2154,0.29247
5,284,2155,0.380522
5,285,2156,0.289444
5,286,2157,0.216512
5,287,2158,0.179169
5,288,2159,0.142709
5,289,2160,0.182982
5,290,2161,0.239894
5,291,2162,0.27094
5,292,2163,0.274637
5,293,2164,0.223082
5,294,2165,0.267744
5,295,2166,0.330818
5,296,2167,0.264853
5,297,2168,0.301078
5,298,2169,0.344351
5,299,2170,0.254548
5,300,2171,0.136682
5,301,2172,0.185769
5,302,2173,0.256384
5,303,2174,0.214172
5,304,2175,0.246149
5,305,2176,0.367774
5,306,2177,0.263719
5,307,2178,0.1514
5,308,2179,0.318181
5,309,2180,0.181018
5,310,2181,0.259775
5,311,2182,0.254857
5,312,2183,0.227206
5,313,2184,0.21792
5,314,2185,0.166357
5,315,2186,0.155775
5,316,2187,0.194108
5,317,2188,0.122398
5,318,2189,0.231743
5,319,2190,0.300227
5,320,2191,0.323671
5,321,2192,0.210789
5,322,2193,0.297034
5,323,2194,0.176817
5,324,2195,0.324865
5,325,2196,0.247754
5,326,2197,0.248736
5,327,2198,0.228885
5,328,2199,0.345356
5,329,2200,0.22315
5,330,2201,0.205372
5,331,2202,0.243767
5,332,2203,0.171465
5,333,2204,0.208353
5,334,2205,0.176235
5,335,2206,0.276105
5,336,2207,0.287146
5,337,2208,0.243453
5,338,2209,0.187137
5,339,2210,0.353645
5,340,2211,0.377019
5,341,2212,0.286017
5,342,2213,0.165303
5,343,2214,0.255655
5,344,2215,0.26112
5,345,2216,0.137696
5,346,2217,0.23491
5,347,2218,0.152072
5,348,2219,0.240206
5,349,2220,0.31382
5,350,2221,0.269078
5,351,2222,0.137591
5,352,2223,0.18706
5,353,2224,0.216207
5,354,2225,0.377688
5,355,2226,0.344529
5,356,2227,0.292842
5,357,2228,0.217522
5,358,2229,0.228308
5,359,2230,0.277373
5,360,2231,0.218493
5,361,2232,0.384142
5,362,2233,0.184346
5,363,2234,0.165092
5,364,2235,0.304466
5,365,2236,0.262024
5,366,2237,0.25354
5,367,2238,0.186004
5,368,2239,0.282618
5,369,2240,0.172849
5,370,2241,0.240616
5,371,2242,0.202473
5,372,2243,0.249723
5,373,2244,0.165733
5,374,2245,0.206204
5,375,2246,0.175034
5,376,2247,0.25194
5,377,2248,0.290815
5,378,2249,0.173162
5,379,2250,0.333984
5,380,2251,0.273437
5,381,2252,0.179371
5,382,2253,0.261648
5,383,2254,0.189714
5,384,2255,0.354417
5,385,2256,0.286357
5,386,2257,0.193177
5,387,2258,0.27298
5,388,2259,0.179474
5,389,2260,0.277932
5,390,2261,0.177069
5,391,2262,0.219037
5,392,2263,0.292803
5,393,2264,0.30358
5,394,2265,0.148911
5,395,2266,0.240411
5,396,2267,0.223438
5,397,2268,0.235637
5,398,2269,0.179668
5,399,2270,0.161987
5,400,2271,0.335022
5,401,2272,0.206591
5,402,2273,0.179927
5,403,2274,0.22424
5,404,2275,0.384489
5,405,2276,0.254907
5,406,2277,0.293127
5,407,2278,0.246285
5,408,2279,0.229594
5,409,2280,0.229998
5,410,2281,0.35531
5,411,2282,0.325064
5,412,2283,0.251596
5,413,2284,0.240503
5,414,2285,0.253715
5,415,2286,0.223693
5,416,2287,0.283636
5,417,2288,0.247029
5,418,2289,0.219456
5,419,2290,0.254757
5,420,2291,0.252637
5,421,2292,0.276653
5,422,2293,0.187747
5,423,2294,0.198926
5,424,2295,0.243906
5,425,2296,0.266969
5,426,2297,0.18089
5,427,2298,0.322826
5,428,2299,0.255475
5,429,2300,0.213469
5,430,2301,0.229661
5,431,2302,0.203116
5,432,2303,0.118626
5,433,2304,0.241218
5,434,2305,0.258738
5,435,2306,0.247768
5,436,2307,0.309306
5,437,2308,0.163641
5,438,2309,0.24003
5,439,2310,0.152154
5,440,2311,0.255297
5,441,2312,0.202418
5,442,2313,0.227768
5,443,2314,0.132443
5,444,2315,0.238505
5,445,2316,0.261949
5,446,2317,0.226504
5,447,2318,0.140368
5,448,2319,0.141831
5,449,2320,0.177941
5,450,2321,0.268017
5,451,2322,0.192928
5,452,2323,0.211176
5,453,2324,0.274276
5,454,2325,0.188298
5,455,2326,0.201292
5,456,2327,0.237424
5,457,2328,0.172313
5,458,2329,0.297796
5,459,2330,0.202874
5,460,2331,0.292981
5,461,2332,0.265089
5,462,2333,0.373136
5,463,2334,0.165612
5,464,2335,0.272696
5,465,2336,0.233396
5,466,2337,0.166714
5,467,2338,0.154678
5,468,2339,0.234353
6,1,2340,0.330911
6,2,2341,0.29506
6,3,2342,0.177629
6,4,2343,0.141868
6,5,2344,0.284017
6,6,2345,0.195149
6,7,2346,0.147139
6,8,2347,0.0925609
6,9,2348,0.242237
6,10,2349,0.206336
6,11,2350,0.241833
6,12,2351,0.188593
6,13,2352,0.174268
6,14,2353,0.175974
6,15,2354,0.320716
6,16,2355,0.210328
6,17,2356,0.289034
6,18,2357,0.186654
6,19,2358,0.313637
6,20,2359,0.258134
6,21,2360,0.174278
6,22,2361,0.192684
6,23,2362,0.217057
6,24,2363,0.325887
6,25,2364,0.237833
6,26,2365,0.282682
6,27,2366,0.211613
6,28,2367,0.193771
6,29,2368,0.19103
6,30,2369,0.173873
6,31,2370,0.209478
6,32,2371,0.2907
6,33,2372,0.223628
6,34,2373,0.18969
6,35,2374,0.216322
6,36,2375,0.273992
6,37,2376,0.166162
6,38,2377,0.197834
6,39,2378,0.339251
6,40,2379,0.221423
6,41,2380,0.218392
6,42,2381,0.287884
6,43,2382,0.311535
6,44,2383,0.193222
6,45,2384,0.192667
6,46,2385,0.148457
6,47,2386,0.292768
6,48,2387,0.289216
6,49,2388,0.167098
6,50,2389,0.306686
6,51,2390,0.26112
6,52,2391,0.347348
6,53,2392,0.26578
6,54,2393,0.273733
6,55,2394,0.155813
6,56,2395,0.21677
6,57,2396,0.338651
6,58,2397,0.215367
6,59,2398,0.19673
6,60,2399,0.280786
6,61,2400,0.209437
6,62,2401,0.189151
6,63,2402,0.25134
6,64,2403,0.212158
6,65,2404,0.209356
6,66,2405,0.207852
6,67,2406,0.128941
6,68,2407,0.173637
6,69,2408,0.150874
6,70,2409,0.347794
6,71,2410,0.250482
6,72,2411,0.242917
6,73,2412,0.29696
6,74,2413,0.244024
6,75,2414,0.160871
6,76,2415,0.18325
6,77,2416,0.245354
6,78,2417,0.20964
6,79,2418,0.2141
6,80,2419,0.286606
6,81,2420,0.26628
6,82,2421,0.244431
6,83,2422,0.201855
6,84,2423,0.237332
6,85,2424,0.16524
6,86,2425,0.13419
6,87,2426,0.137514
6,88,2427,0.266598
6,89,2428,0.186885
6,90,2429,0.283186
6,91,2430,0.181556
6,92,2431,0.192453
6,93,2432,0.196675
6,94,2433,0.225471
6,95,2434,0.23319
6,96,2435,0.116546
6,97,2436,0.176316
6,98,2437,0.103928
6,99,2438,0.150476
6,100,2439,0.212895
6,101,2440,0.29975
6,102,2441,0.185484
6,103,2442,0.222692
6,104,2443,0.205464
6,105,2444,0.0793617
6,106,2445,0.197012
6,107,2446,0.318241
6,108,2447,0.172649
6,109,2448,0.238466
6,110,2449,0.329558
6,111,2450,0.243615
6,112,2451,0.221593
6,113,2452,0.251915
6,114,2453,0.250659
6,115,2454,0.145973
6,116,2455,0.209834
6,117,2456,0.264824
6,118,2457,0.246994
6,119,2458,0.311335
6,120,2459,0.205571
6,121,2460,0.203296
6,122,2461,0.14404
6,123,2462,0.202999
6,124,2463,0.323664
6,125,2464,0.181878
6,126,2465,0.189411
6,127,2466,0.235128
6,128,2467,0.159448
6,129,2468,0.158463
6,130,2469,0.147349
6,131,2470,0.271648
6,132,2471,0.17079
6,133,2472,0.264966
6,134,2473,0.135422
6,135,2474,0.199618
6,136,2475,0.243303
6,137,2476,0.222028
6,138,2477,0.246373
6,139,2478,0.230214
6,140,2479,0.321398
6,141,2480,0.206554
6,142,2481,0.186486
6,143,2482,0.277126
6,144,2483,0.20334
6,145,2484,0.200181
6,146,2485,0.196183
6,147,2486,0.192113
6,148,2487,0.313976
6,149,2488,0.301882
6,150,2489,0.226925
6,151,2490,0.270535
6,152,2491,0.198821
6,153,2492,0.240172
6,154,2493,0.117095
6,155,2494,0.130555
6,156,2495,0.283448
6,157,2496,0.175815
6,158,2497,0.162101
6,159,2498,0.180443
6,160,2499,0.215906
6,161,2500,0.155966
6,162,2501,0.260399
6,163,2502,0.289183
6,164,2503,0.171638
6,165,2504,0.182589
6,166,2505,0.223701
6,167,2506,0.321061
6,168,2507,0.22319
6,169,2508,0.163053
6,170,2509,0.241671
6,171,2510,0.159047
6,172,2511,0.133778
6,173,2512,0.259746
6,174,2513,0.218667
6,175,2514,0.127162
6,176,2515,0.223137
6,177,2516,0.228558
6,178,2517,0.196453
6,179,2518,0.24293
6,180,2519,0.230508
6,181,2520,0.256957
6,182,2521,0.368174
6,183,2522,0.119291
6,184,2523,0.209536
6,185,2524,0.249139
6,186,2525,0.222333
6,187,2526,0.262593
6,188,2527,0.149341
6,189,2528,0.14721
6,190,2529,0.248119
6,191,2530,0.287811
6,192,2531,0.21321
6,193,2532,0.220695
6,194,2533,0.1667
6,195,2534,0.415326
6,196,2535,0.195399
6,197,2536,0.146317
6,198,2537,0.283326
6,199,2538,0.261039
6,200,2539,0.256197
6,201,2540,0.259961
6,202,2541,0.268124
6,203,2542,0.209873
6,204,2543,0.289601
6,205,2544,0.304928
6,206,2545,0.196111
6,207,2546,0.152719
6,208,2547,0.240224
6,209,2548,0.242207
6,210,2549,0.216001
6,211,2550,0.311095
6,212,2551,0.249668
6,213,2552,0.206799
6,214,2553,0.26174
6,215,2554,0.215113
6,216,2555,0.212688
6,217,2556,0.246917
6,218,2557,0.179007
6,219,2558,0.215648
6,220,2559,0.294116
6,221,2560,0.232667
6,222,2561,0.300912
6,223,2562,0.285391
6,224,2563,0.197663
6,225,2564,0.194563
6,226,2565,0.212586
6,227,2566,0.208801
6,228,2567,0.148583
6,229,2568,0.192964
6,230,2569,0.249738
6,231,2570,0.224211
6,232,2571,0.187796
6,233,2572,0.227366
6,234,2573,0.2874
6,235,2574,0.146631
6,236,2575,0.132246
6,237,2576,0.192204
6,238,2577,0.195213
6,239,2578,0.304699
6,240,2579,0.173725
6,241,2580,0.238421
6,242,2581,0.288469
6,243,2582,0.160501
6,244,2583,0.284739
6,245,2584,0.195624
6,246,2585,0.151885
6,247,2586,0.206084
6,248,2587,0.248927
6,249,2588,0.235355
6,250,2589,0.183176
6,251,2590,0.204811
6,252,2591,0.179601
6,253,2592,0.20098
6,254,2593,0.241257
6,255,2594,0.19879
6,256,2595,0.164831
6,257,2596,0.21055
6,258,2597,0.299952
6,259,2598,0.238692
6,260,2599,0.124039
6,261,2600,0.242557
6,262,2601,0.233135
6,263,2602,0.206311
6,264,2603,0.227221
6,265,2604,0.190703
6,266,2605,0.349687
6,267,2606,0.249688
6,268,2607,0.231827
6,269,2608,0.2146
6,270,2609,0.143344
6,271,2610,0.146448
6,272,2611,0.191257
6,273,2612,0.192501
6,274,2613,0.0869496
6,275,2614,0.123585
6,276,2615,0.204883
6,277,2616,0.22495
6,278,2617,0.180598
6,279,2618,0.308632
6,280,2619,0.142262
6,281,2620,0.266533
6,282,2621,0.197886
6,283,2622,0.222511
6,284,2623,0.365849
6,285,2624,0.209393
6,286,2625,0.21589
6,287,2626,0.24496
6,288,2627,0.327772
6,289,2628,0.237302
6,290,2629,0.238963
6,291,2630,0.139954
6,292,2631,0.149843
6,293,2632,0.233828
6,294,2633,0.328844
6,295,2634,0.314833
6,296,2635,0.169185
6,297,2636,0.0926288
6,298,2637,0.230561
6,299,2638,0.310535
6,300,2639,0.227109
6,301,2640,0.149583
6,302,2641,0.136428
6,303,2642,0.239321
6,304,2643,0.138842
6,305,2644,0.169923
6,306,2645,0.226546
6,307,2646,0.169709
6,308,2647,0.195119
6,309,2648,0.15032
6,310,2649,0.200347
6,311,2650,0.171527
6,312,2651,0.160766
6,313,2652,0.2828
6,314,2653,0.251048
6,315,2654,0.183048
6,316,2655,0.198447
6,317,2656,0.28389
6,318,2657,0.231685
6,319,2658,0.171319
6,320,2659,0.264745
6,321,2660,0.177852
6,322,2661,0.277776
6,323,2662,0.258623
6,324,2663,0.216239
6,325,2664,0.186504
6,326,2665,0.22232
6,327,2666,0.226223
6,328,2667,0.193485
6,329,2668,0.181443
6,330,2669,0.236299
6,331,2670,0.213623
6,332,2671,0.253809
6,333,2672,0.170585
6,334,2673,0.339545
6,335,2674,0.250816
6,336,2675,0.245473
6,337,2676,0.256901
6,338,2677,0.247264
6,339,2678,0.257778
6,340,2679,0.188683
6,341,2680,0.211316
6,342,2681,0.232301
6,343,2682,0.237232
6,344,2683,0.236899
6,345,2684,0.164362
6,346,2685,0.179422
6,347,2686,0.243134
6,348,2687,0.254396
6,349,2688,0.119566
6,350,2689,0.162257
6,351,2690,0.296155
6,352,2691,0.236921
6,353,2692,0.243926
6,354,2693,0.206807
6,355,2694,0.128098
6,356,2695,0.141937
6,357,2696,0.174527
6,358,2697,0.448608
6,359,2698,0.185521
6,360,2699,0.272559
6,361,2700,0.151158
6,362,2701,0.293382
6,363,2702,0.273535
6,364,2703,0.200218
6,365,2704,0.197822
6,366,2705,0.227249
6,367,2706,0.141679
6,368,2707,0.198287
6,369,2708,0.271549
6,370,2709,0.179136
6,371,2710,0.200301
6,372,2711,0.215795
6,373,2712,0.164581
6,374,2713,0.256428
6,375,2714,0.123259
6,376,2715,0.234561
6,377,2716,0.215911
6,378,2717,0.288049
6,379,2718,0.163963
6,380,2719,0.249811
6,381,2720,0.15615
6,382,2721,0.277397
6,383,2722,0.267464
6,384,2723,0.176517
6,385,2724,0.190602
6,386,2725,0.181978
6,387,2726,0.200831
6,388,2727,0.169265
6,389,2728,0.20709
6,390,2729,0.401772
6,391,2730,0.273772
6,392,2731,0.174614
6,393,2732,0.298288
6,394,2733,0.214745
6,395,2734,0.202825
6,396,2735,0.212234
6,397,2736,0.229639
6,398,2737,0.281188
6,399,2738,0.35699
6,400,2739,0.16006
6,401,2740,0.220925
6,402,2741,0.216942
6,403,2742,0.192279
6,404,2743,0.256992
6,405,2744,0.252604
6,406,2745,0.101326
6,407,2746,0.225956
6,408,2747,0.197014
6,409,2748,0.230155
6,410,2749,0.153275
6,411,2750,0.267891
6,412,2751,0.210726
6,413,2752,0.208425
6,414,2753,0.274095
6,415,2754,0.232434
6,416,2755,0.187224
6,417,2756,0.255609
6,418,2757,0.279117
6,419,2758,0.191554
6,420,2759,0.177958
6,421,2760,0.148233
6,422,2761,0.230136
6,423,2762,0.195461
6,424,2763,0.252391
6,425,2764,0.163659
6,426,2765,0.166064
6,427,2766,0.268624
6,428,2767,0.163889
6,429,2768,0.219758
6,430,2769,0.286747
6,431,2770,0.229509
6,432,2771,0.206548
6,433,2772,0.20398
6,434,2773,0.255724
6,435,2774,0.254191
6,436,2775,0.184936
6,437,2776,0.226117
6,438,2777,0.292585
6,439,2778,0.242802
6,440,2779,0.175933
6,441,2780,0.23918
6,442,2781,0.259572
6,443,2782,0.141962
6,444,2783,0.362444
6,445,2784,0.178388
6,446,2785,0.314253
6,447,2786,0.294061
6,448,2787,0.251499
6,449,2788,0.227349
6,450,2789,0.159302
6,451,2790,0.110365
6,452,2791,0.348899
6,453,2792,0.193814
6,454,2793,0.191823
6,455,2794,0.248009
6,456,2795,0.359178
6,457,2796,0.237254
6,458,2797,0.112235
6,459,2798,0.230213
6,460,2799,0.155682
6,461,2800,0.150114
6,462,2801,0.102882
6,463,2802,0.255572
6,464,2803,0.143939
6,465,2804,0.213524
6,466,2805,0.183464
6,467,2806,0.318297
6,468,2807,0.158973
7,1,2808,0.316725
7,2,2809,0.288364
7,3,2810,0.143496
7,4,2811,0.146087
7,5,2812,0.223293
7,6,2813,0.213542
7,7,2814,0.243222
7,8,2815,0.221664
7,9,2816,0.169655
7,10,2817,0.180897
7,11,2818,0.211232
7,12,2819,0.165194
7,13,2820,0.206114
7,14,2821,0.363819
7,15,2822,0.187997
7,16,2823,0.197131
7,17,2824,0.246116
7,18,2825,0.216964
7,19,2826,0.188159
7,20,2827,0.170144
7,21,2828,0.220255
7,22,2829,0.276317
7,23,2830,0.160769
7,24,2831,0.20731
7,25,2832,0.200345
7,26,2833,0.118702
7,27,2834,0.0873249
7,28,2835,0.317138
7,29,2836,0.261083
7,30,2837,0.183037
7,31,2838,0.217505
7,32,2839,0.155504
7,33,2840,0.228799
7,34,2841,0.269875
7,35,2842,0.255438
7,36,2843,0.226868
7,37,2844,0.167702
7,38,2845,0.237649
7,39,2846,0.178528
7,40,2847,0.178871
7,41,2848,0.255497
7,42,2849,0.311239
7,43,2850,0.208004
7,44,2851,0.17771
7,45,2852,0.257489
7,46,2853,0.0967322
7,47,2854,0.223786
7,48,2855,0.227291
7,49,2856,0.139935
7,50,2857,0.188884
7,51,2858,0.210532
7,52,2859,0.15238
7,53,2860,0.214977
7,54,2861,0.238829
7,55,2862,0.16868
7,56,2863,0.22276
7,57,2864,0.155393
7,58,2865,0.264052
7,59,2866,0.260791
7,60,2867,0.219217
7,61,2868,0.320321
7,62,2869,0.222457
7,63,2870,0.147113
7,64,2871,0.118006
7,65,2872,0.243562
7,66,2873,0.195167
7,67,2874,0.206963
7,68,2875,0.22982
7,69,2876,0.180396
7,70,2877,0.206163
7,71,2878,0.249597
7,72,2879,0.206108
7,73,2880,0.16412
7,74,2881,0.145972
7,75,2882,0.134112
7,76,2883,0.14753
7,77,2884,0.264491
7,78,2885,0.192503
7,79,2886,0.225816
7,80,2887,0.168398
7,81,2888,0.204703
7,82,2889,0.178845
7,83,2890,0.158083
7,84,2891,0.284688
7,85,2892,0.301421
7,86,2893,0.184113
7,87,2894,0.164887
7,88,2895,0.295899
7,89,2896,0.0964783
7,90,2897,0.315496
7,91,2898,0.296925
7,92,2899,0.315277
7,93,2900,0.225943
7,94,2901,0.262392
7,95,2902,0.211706
7,96,2903,0.12325
7,97,2904,0.167781
7,98,2905,0.160938
7,99,2906,0.205187
7,100,2907,0.167622
7,101,2908,0.255679
7,102,2909,0.18446
7,103,2910,0.236837
7,104,2911,0.252474
7,105,2912,0.172135
7,106,2913,0.243173
7,107,2914,0.163903
7,108,2915,0.195861
7,109,2916,0.20826
7,110,2917,0.165308
7,111,2918,0.182818
7,112,2919,0.0925172
7,113,2920,0.20348
7,114,2921,0.250259
7,115,2922,0.241538
7,116,2923,0.155303
7,117,2924,0.111782
7,118,2925,0.179473
7,119,2926,0.203621
7,120,2927,0.268289
7,121,2928,0.235788
7,122,2929,0.19784
7,123,2930,0.232355
7,124,2931,0.178567
7,125,2932,0.164499
7,126,2933,0.213514
7,127,2934,0.168818
7,128,2935,0.156845
7,129,2936,0.166991
7,130,2937,0.23172
7,131,2938,0.144364
7,132,2939,0.127142
7,133,2940,0.245854
7,134,2941,0.247555
7,135,2942,0.223283
7,136,2943,0.206505
7,137,2944,0.222224
7,138,2945,0.182062
7,139,2946,0.216132
7,140,2947,0.156706
7,141,2948,0.177862
7,142,2949,0.244458
7,143,2950,0.327298
7,144,2951,0.152104
7,145,2952,0.141257
7,146,2953,0.245765
7,147,2954,0.233179
7,148,2955,0.351031
7,149,2956,0.202445
7,150,2957,0.156438
7,151,2958,0.148006
7,152,2959,0.228925
7,153,2960,0.159312
7,154,2961,0.303338
7,155,2962,0.194975
7,156,2963,0.124571
7,157,2964,0.20296
7,158,2965,0.221474
7,159,2966,0.282004
7,160,2967,0.190858
7,161,2968,0.252394
7,162,2969,0.124731
7,163,2970,0.1568
7,164,2971,0.14315
7,165,2972,0.151547
7,166,2973,0.242286
7,167,2974,0.162387
7,168,2975,0.242546
7,169,2976,0.226734
7,170,2977,0.275929
7,171,2978,0.192541
7,172,2979,0.24474
7,173,2980,0.169678
7,174,2981,0.198347
7,175,2982,0.232108
7,176,2983,0.204213
7,177,2984,0.226307
7,178,2985,0.168189
7,179,2986,0.25394
7,180,2987,0.192875
7,181,2988,0.215084
7,182,2989,0.317497
7,183,2990,0.22141
7,184,2991,0.224029
7,185,2992,0.187293
7,186,2993,0.260016
7,187,2994,0.164286
7,188,2995,0.312069
7,189,2996,0.166597
7,190,2997,0.216718
7,191,2998,0.131323
7,192,2999,0.211668
7,193,3000,0.123213
7,194,3001,0.124774
7,195,3002,0.276742
7,196,3003,0.239926
7,197,3004,0.126734
7,198,3005,0.122279
7,199,3006,0.222981
7,200,3007,0.317072
7,201,3008,0.167644
7,202,3009,0.170969
7,203,3010,0.20959
7,204,3011,0.149374
7,205,3012,0.145646
7,206,3013,0.213773
7,207,3014,0.172223
7,208,3015,0.145773
7,209,3016,0.266328
7,210,3017,0.202087
7,211,3018,0.2273
7,212,3019,0.352085
7,213,3020,0.184271
7,214,3021,0.157892
7,215,3022,0.231583
7,216,3023,0.143584
7,217,3024,0.223964
7,218,3025,0.125654
7,219,3026,0.125476
7,220,3027,0.398816
7,221,3028,0.194655
7,222,3029,0.193719
7,223,3030,0.136899
7,224,3031,0.133375
7,225,3032,0.151352
7,226,3033,0.213913
7,227,3034,0.154102
7,228,3035,0.200683
7,229,3036,0.136843
7,230,3037,0.224756
7,231,3038,0.295728
7,232,3039,0.172556
7,233,3040,0.238643
7,234,3041,0.131712
7,235,3042,0.253493
7,236,3043,0.176193
7,237,3044,0.175267
7,238,3045,0.197392
7,239,3046,0.208178
7,240,3047,0.261457
7,241,3048,0.186903
7,242,3049,0.150216
7,243,3050,0.188092
7,244,3051,0.20224
7,245,3052,0.251776
7,246,3053,0.216459
7,247,3054,0.245163
7,248,3055,0.21699
7,249,3056,0.331492
7,250,3057,0.235657
7,251,3058,0.236329
7,252,3059,0.237734
7,253,3060,0.186837
7,254,3061,0.23596
7,255,3062,0.140362
7,256,3063,0.223587
7,257,3064,0.242128
7,258,3065,0.253309
7,259,3066,0.318047
7,260,3067,0.222424
7,261,3068,0.248281
7,262,3069,0.134311
7,263,3070,0.15255
7,264,3071,0.172159
7,265,3072,0.162722
7,266,3073,0.195699
7,267,3074,0.223149
7,268,3075,0.167296
7,269,3076,0.303514
7,270,3077,0.165848
7,271,3078,0.291089
7,272,3079,0.229343
7,273,3080,0.226625
7,274,3081,0.172608
7,275,3082,0.177942
7,276,3083,0.158424
7,277,3084,0.217262
7,278,3085,0.166368
7,279,3086,0.13266
7,280,3087,0.223252
7,281,3088,0.187958
7,282,3089,0.141516
7,283,3090,0.19152
7,284,3091,0.17898
7,285,3092,0.292931
7,286,3093,0.241979
7,287,3094,0.248295
7,288,3095,0.130081
7,289,3096,0.289083
7,290,3097,0.186378
7,291,3098,0.200539
7,292,3099,0.175353
7,293,3100,0.186605
7,294,3101,0.207091
7,295,3102,0.140614
7,296,3103,0.100355
7,297,3104,0.200871
7,298,3105,0.189571
7,299,3106,0.161192
7,300,3107,0.294462
7,301,3108,0.126438
7,302,3109,0.155676
7,303,3110,0.209325
7,304,3111,0.141201
7,305,3112,0.140175
7,306,3113,0.173891
7,307,3114,0.178924
7,308,3115,0.201689
7,309,3116,0.185845
7,310,3117,0.193264
7,311,3118,0.241633
7,312,3119,0.17236
7,313,3120,0.156613
7,314,3121,0.217726
7,315,3122,0.135536
7,316,3123,0.176258
7,317,3124,0.222683
7,318,3125,0.0918433
7,319,3126,0.229977
7,320,3127,0.198393
7,321,3128,0.225778
7,322,3129,0.256293
7,323,3130,0.185325
7,324,3131,0.251955
7,325,3132,0.175723
7,326,3133,0.13522
7,327,3134,0.160223
7,328,3135,0.17058
7,329,3136,0.0869082
7,330,3137,0.25059
7,331,3138,0.179346
7,332,3139,0.274254
7,333,3140,0.228183
7,334,3141,0.160134
7,335,3142,0.204536
7,336,3143,0.0950654
7,337,3144,0.301126
7,338,3145,0.154877
7,339,3146,0.171569
7,340,3147,0.279544
7,341,3148,0.119702
7,342,3149,0.206936
7,343,3150,0.216996
7,344,3151,0.199743
7,345,3152,0.219449
7,346,3153,0.183687
7,347,3154,0.254289
7,348,3155,0.295062
7,349,3156,0.18636
7,350,3157,0.312287
7,351,3158,0.184167
7,352,3159,0.275652
7,353,3160,0.206462
7,354,3161,0.15948
7,355,3162,0.193059
7,356,3163,0.137982
7,357,3164,0.143922
7,358,3165,0.20221
7,359,3166,0.16399
7,360,3167,0.221
7,361,3168,0.218811
7,362,3169,0.136891
7,363,3170,0.147961
7,364,3171,0.262055
7,365,3172,0.287506
7,366,3173,0.262596
7,367,3174,0.221105
7,368,3175,0.227911
7,369,3176,0.217204
7,370,3177,0.160517
7,371,3178,0.172226
7,372,3179,0.217012
7,373,3180,0.217559
7,374,3181,0.27202
7,375,3182,0.142422
7,376,3183,0.372683
7,377,3184,0.236171
7,378,3185,0.180319
7,379,3186,0.0996129
7,380,3187,0.145322
7,381,3188,0.19091
7,382,3189,0.193295
7,383,3190,0.225569
7,384,3191,0.222873
7,385,3192,0.130742
7,386,3193,0.174687
7,387,3194,0.237089
7,388,3195,0.161379
7,389,3196,0.213102
7,390,3197,0.28034
7,391,3198,0.176066
7,392,3199,0.249231
7,393,3200,0.342224
7,394,3201,0.166875
7,395,3202,0.283456
7,396,3203,0.265148
7,397,3204,0.272881
7,398,3205,0.170927
7,399,3206,0.170267
7,400,3207,0.265463
7,401,3208,0.290965
7,402,3209,0.168858
7,403,3210,0.247973
7,404,3211,0.186494
7,405,3212,0.22865
7,406,3213,0.203199
7,407,3214,0.151626
7,408,3215,0.257356
7,409,3216,0.151744
7,410,3217,0.2305
7,411,3218,0.260032
7,412,3219,0.248652
7,413,3220,0.141389
7,414,3221,0.236264
7,415,3222,0.290733
7,416,3223,0.204008
7,417,3224,0.217017
7,418,3225,0.215774
7,419,3226,0.269428
7,420,3227,0.284141
7,421,3228,0.210213
7,422,3229,0.241159
7,423,3230,0.286262
7,424,3231,0.197775
7,425,3232,0.245612
7,426,3233,0.200276
7,427,3234,0.292366
7,428,3235,0.213896
7,429,3236,0.274528
7,430,3237,0.111398
7,431,3238,0.350013
7,432,3239,0.181175
7,433,3240,0.219144
7,434,3241,0.191621
7,435,3242,0.149916
7,436,3243,0.189517
7,437,3244,0.207759
7,438,3245,0.262942
7,439,3246,0.169294
7,440,3247,0.136338
7,441,3248,0.11268
7,442,3249,0.159349
7,443,3250,0.238299
7,444,3251,0.298032
7,445,3252,0.269087
7,446,3253,0.229701
7,447,3254,0.229526
7,448,3255,0.202308
7,449,3256,0.271469
7,450,3257,0.106907
7,451,3258,0.13413
7,452,3259,0.280886
7,453,3260,0.223327
7,454,3261,0.182497
7,455,3262,0.255324
7,456,3263,0.190485
7,457,3264,0.201861
7,458,3265,0.153512
7,459,3266,0.141665
7,460,3267,0.212875
7,461,3268,0.155463
7,462,3269,0.224128
7,463,3270,0.184288
7,464,3271,0.217822
7,465,3272,0.196283
7,466,3273,0.1549
7,467,3274,0.194765
7,468,3275,0.261722
8,1,3276,0.115255
8,2,3277,0.138473
8,3,3278,0.140176
8,4,3279,0.230591
8,5,3280,0.118863
8,6,3281,0.198439
8,7,3282,0.261854
8,8,3283,0.169083
8,9,3284,0.166444
8,10,3285,0.220727
8,11,3286,0.227434
8,12,3287,0.32151
8,13,3288,0.15603
8,14,3289,0.100703
8,15,3290,0.186431
8,16,3291,0.211359
8,17,3292,0.217859
8,18,3293,0.171292
8,19,3294,0.162038
8,20,3295,0.182597
8,21,3296,0.23089
8,22,3297,0.222348
8,23,3298,0.234095
8,24,3299,0.303079
8,25,3300,0.124858
8,26,3301,0.192226
8,27,3302,0.241672
8,28,3303,0.161026
8,29,3304,0.262145
8,30,3305,0.151825
8,31,3306,0.242444
8,32,3307,0.163433
8,33,3308,0.144025
8,34,3309,0.218388
8,35,3310,0.197256
8,36,3311,0.0940295
8,37,3312,0.231757
8,38,3313,0.189613
8,39,3314,0.26579
8,40,3315,0.231354
8,41,3316,0.149744
8,42,3317,0.307217
8,43,3318,0.163912
8,44,3319,0.237499
8,45,3320,0.161374
8,46,3321,0.234434
8,47,3322,0.154867
8,48,3323,0.244023
8,49,3324,0.238202
8,50,3325,0.131151
8,51,3326,0.184529
8,52,3327,0.256951
8,53,3328,0.174196
8,54,3329,0.155228
8,55,3330,0.205797
8,56,3331,0.219728
8,57,3332,0.156221
8,58,3333,0.164341
8,59,3334,0.111308
8,60,3335,0.205202
8,61,3336,0.146064
8,62,3337,0.150341
8,63,3338,0.19659
8,64,3339,0.220337
8,65,3340,0.218896
8,66,3341,0.283903
8,67,3342,0.198301
8,68,3343,0.137779
8,69,3344,0.167685
8,70,3345,0.138265
8,71,3346,0.170352
8,72,3347,0.168225
8,73,3348,0.22133
8,74,3349,0.193585
8,75,3350,0.235102
8,76,3351,0.197928
8,77,3352,0.203662
8,78,3353,0.165073
8,79,3354,0.211266
8,80,3355,0.234077
8,81,3356,0.177515
8,82,3357,0.113364
8,83,3358,0.22516
8,84,3359,0.1968
8,85,3360,0.0795869
8,86,3361,0.135009
8,87,3362,0.171549
8,88,3363,0.225733
8,89,3364,0.175619
8,90,3365,0.11979
8,91,3366,0.153599
8,92,3367,0.155298
8,93,3368,0.129017
8,94,3369,0.138626
8,95,3370,0.243628
8,96,3371,0.123321
8,97,3372,0.241345
8,98,3373,0.181239
8,99,3374,0.222574
8,100,3375,0.182905
8,101,3376,0.209433
8,102,3377,0.264848
8,103,3378,0.174983
8,104,3379,0.139722
8,105,3380,0.21503
8,106,3381,0.180416
8,107,3382,0.105397
8,108,3383,0.196358
8,109,3384,0.13292
8,110,3385,0.275831
8,111,3386,0.223258
8,112,3387,0.250467
8,113,3388,0.166927
8,114,3389,0.161831
8,115,3390,0.209669
8,116,3391,0.210058
8,117,3392,0.178582
8,118,3393,0.223757
8,119,3394,0.166016
8,120,3395,0.183063
8,121,3396,0.19392
8,122,3397,0.141157
8,123,3398,0.24112
8,124,3399,0.142565
8,125,3400,0.23226
8,126,3401,0.179601
8,127,3402,0.214995
8,128,3403,0.146337
8,129,3404,0.304915
8,130,3405,0.118828
8,131,3406,0.247723
8,132,3407,0.180569
8,133,3408,0.177377
8,134,3409,0.245976
8,135,3410,0.227026
8,136,3411,0.176874
8,137,3412,0.183287
8,138,3413,0.167186
8,139,3414,0.305385
8,140,3415,0.197448
8,141,3416,0.287351
8,142,3417,0.243143
8,143,3418,0.232087
8,144,3419,0.138023
8,145,3420,0.128805
8,146,3421,0.0927479
8,147,3422,0.309504
8,148,3423,0.245468
8,149,3424,0.165679
8,150,3425,0.189025
8,151,3426,0.112455
8,152,3427,0.282411
8,153,3428,0.218398
8,154,3429,0.161743
8,155,3430,0.174929
8,156,3431,0.224895
8,157,3432,0.242268
8,158,3433,0.114962
8,159,3434,0.239072
8,160,3435,0.21098
8,161,3436,0.139993
8,162,3437,0.187638
8,163,3438,0.164562
8,164,3439,0.240648
8,165,3440,0.142533
8,166,3441,0.275068
8,167,3442,0.157359
8,168,3443,0.204665
8,169,3444,0.111652
8,170,3445,0.352011
8,171,3446,0.172374
8,172,3447,0.15317
8,173,3448,0.224989
8,174,3449,0.146934
8,175,3450,0.181738
8,176,3451,0.166858
8,177,3452,0.110706
8,178,3453,0.16516
8,179,3454,0.177791
8,180,3455,0.17682
8,181,3456,0.11424
8,182,3457,0.237094
8,183,3458,0.0999601
8,184,3459,0.118926
8,185,3460,0.138272
8,186,3461,0.273517
8,187,3462,0.21156
8,188,3463,0.167925
8,189,3464,0.107569
8,190,3465,0.116193
8,191,3466,0.15966
8,192,3467,0.177146
8,193,3468,0.102085
8,194,3469,0.253093
8,195,3470,0.191683
8,196,3471,0.193889
8,197,3472,0.134019
8,198,3473,0.198147
8,199,3474,0.148025
8,200,3475,0.228791
8,201,3476,0.169788
8,202,3477,0.181962
8,203,3478,0.111287
8,204,3479,0.319469
8,205,3480,0.250787
8,206,3481,0.198541
8,207,3482,0.238058
8,208,3483,0.223165
8,209,3484,0.144888
8,210,3485,0.228983
8,211,3486,0.231471
8,212,3487,0.134989
8,213,3488,0.308708
8,214,3489,0.126099
8,215,3490,0.20365
8,216,3491,0.149599
8,217,3492,0.147826
8,218,3493,0.199037
8,219,3494,0.316509
8,220,3495,0.14385
8,221,3496,0.127401
8,222,3497,0.119599
8,223,3498,0.160964
8,224,3499,0.207798
8,225,3500,0.23764
8,226,3501,0.183199
8,227,3502,0.175496
8,228,3503,0.178244
8,229,3504,0.185332
8,230,3505,0.133985
8,231,3506,0.189121
8,232,3507,0.185285
8,233,3508,0.228038
8,234,3509,0.198855
8,235,3510,0.103385
8,236,3511,0.171574
8,237,3512,0.175652
8,238,3513,0.170852
8,239,3514,0.174439
8,240,3515,0.209112
8,241,3516,0.189237
8,242,3517,0.195318
8,243,3518,0.196987
8,244,3519,0.212688
8,245,3520,0.215001
8,246,3521,0.186823
8,247,3522,0.173018
8,248,3523,0.167861
8,249,3524,0.187917
8,250,3525,0.231669
8,251,3526,0.115151
8,252,3527,0.231642
8,253,3528,0.177201
8,254,3529,0.257079
8,255,3530,0.27208
8,256,3531,0.261431
8,257,3532,0.206716
8,258,3533,0.194706
8,259,3534,0.198489
8,260,3535,0.200173
8,261,3536,0.204108
8,262,3537,0.196345
8,263,3538,0.145517
8,264,3539,0.248031
8,265,3540,0.200134
8,266,3541,0.139364
8,267,3542,0.174533
8,268,3543,0.160012
8,269,3544,0.160244
8,270,3545,0.125194
8,271,3546,0.183952
8,272,3547,0.108303
8,273,3548,0.15748
8,274,3549,0.175103
8,275,3550,0.223389
8,276,3551,0.191137
8,277,3552,0.244533
8,278,3553,0.233851
8,279,3554,0.172658
8,280,3555,0.131574
8,281,3556,0.174009
8,282,3557,0.191568
8,283,3558,0.244045
8,284,3559,0.165228
8,285,3560,0.231123
8,286,3561,0.207875
8,287,3562,0.181178
8,288,3563,0.124444
8,289,3564,0.151331
8,290,3565,0.202657
8,291,3566,0.178231
8,292,3567,0.104453
8,293,3568,0.164852
8,294,3569,0.132204
8,295,3570,0.196055
8,296,3571,0.184225
8,297,3572,0.207162
8,298,3573,0.26028
8,299,3574,0.147533
8,300,3575,0.182474
8,301,3576,0.233319
8,302,3577,0.0759651
8,303,3578,0.146069
8,304,3579,0.160741
8,305,3580,0.116031
8,306,3581,0.193076
8,307,3582,0.183022
8,308,3583,0.0841468
8,309,3584,0.258046
8,310,3585,0.211001
8,311,3586,0.151934
8,312,3587,0.268236
8,313,3588,0.133263
8,314,3589,0.25258
8,315,3590,0.207627
8,316,3591,0.192855
8,317,3592,0.22344
8,318,3593,0.202101
8,319,3594,0.168189
8,320,3595,0.145004
8,321,3596,0.208312
8,322,3597,0.201449
8,323,3598,0.16601
8,324,3599,0.101405
8,325,3600,0.211408
8,326,3601,0.122095
8,327,3602,0.172806
8,328,3603,0.160525
8,329,3604,0.155373
8,330,3605,0.171807
8,331,3606,0.19566
8,332,3607,0.194457
8,333,3608,0.158778
8,334,3609,0.141196
8,335,3610,0.150763
8,336,3611,0.208479
8,337,3612,0.266476
8,338,3613,0.203627
8,339,3614,0.198606
8,340,3615,0.118699
8,341,3616,0.243672
8,342,3617,0.24824
8,343,3618,0.185427
8,344,3619,0.079669
8,345,3620,0.264033
8,346,3621,0.402312
8,347,3622,0.221853
8,348,3623,0.264143
8,349,3624,0.142013
8,350,3625,0.235919
8,351,3626,0.242654
8,352,3627,0.312672
8,353,3628,0.137502
8,354,3629,0.167978
8,355,3630,0.156252
8,356,3631,0.185335
8,357,3632,0.1663
8,358,3633,0.293435
8,359,3634,0.236349
8,360,3635,0.156527
8,361,3636,0.114292
8,362,3637,0.208428
8,363,3638,0.201217
8,364,3639,0.295094
8,365,3640,0.264328
8,366,3641,0.158003
8,367,3642,0.151313
8,368,3643,0.163928
8,369,3644,0.229345
8,370,3645,0.11298
8,371,3646,0.253856
8,372,3647,0.260259
8,373,3648,0.156111
8,374,3649,0.136403
8,375,3650,0.165606
8,376,3651,0.163345
8,377,3652,0.283206
8,378,3653,0.131362
8,379,3654,0.190193
8,380,3655,0.139538
8,381,3656,0.271928
8,382,3657,0.146824
8,383,3658,0.157176
8,384,3659,0.172073
8,385,3660,0.194361
8,386,3661,0.261597
8,387,3662,0.271332
8,388,3663,0.152614
8,389,3664,0.15814
8,390,3665,0.219164
8,391,3666,0.169982
8,392,3667,0.156919
8,393,3668,0.159347
8,394,3669,0.153671
8,395,3670,0.2458
8,396,3671,0.166327
8,397,3672,0.190748
8,398,3673,0.180094
8,399,3674,0.0970201
8,400,3675,0.226508
8,401,3676,0.0905045
8,402,3677,0.214462
8,403,3678,0.237307
8,404,3679,0.139085
8,405,3680,0.149343
8,406,3681,0.0984478
8,407,3682,0.210034
8,408,3683,0.263664
8,409,3684,0.100762
8,410,3685,0.162844
8,411,3686,0.180215
8,412,3687,0.185211
8,413,3688,0.354599
8,414,3689,0.161266
8,415,3690,0.16509
8,416,3691,0.166454
8,417,3692,0.19994
8,418,3693,0.113739
8,419,3694,0.120949
8,420,3695,0.180941
8,421,3696,0.118838
8,422,3697,0.15141
8,423,3698,0.190447
8,424,3699,0.228044
8,425,3700,0.236246
8,426,3701,0.19054
8,427,3702,0.266791
8,428,3703,0.255616
8,429,3704,0.17775
8,430,3705,0.0999032
8,431,3706,0.238021
8,432,3707,0.16307
8,433,3708,0.166699
8,434,3709,0.225433
8,435,3710,0.251664
8,436,3711,0.195016
8,437,3712,0.239505
8,438,3713,0.21442
8,439,3714,0.144786
8,440,3715,0.104582
8,441,3716,0.177411
8,442,3717,0.226398
8,443,3718,0.21892
8,444,3719,0.205055
8,445,3720,0.280063
8,446,3721,0.187524
8,447,3722,0.311028
8,448,3723,0.284992
8,449,3724,0.255884
8,450,3725,0.178177
8,451,3726,0.149086
8,452,3727,0.178645
8,453,3728,0.154317
8,454,3729,0.229409
8,455,3730,0.192708
8,456,3731,0.374879
8,457,3732,0.151902
8,458,3733,0.175318
8,459,3734,0.264684
8,460,3735,0.246886
8,461,3736,0.244226
8,462,3737,0.158696
8,463,3738,0.128325
8,464,3739,0.131005
8,465,3740,0.178594
8,466,3741,0.159029
8,467,3742,0.201869
8,468,3743,0.249174
9,1,3744,0.118389
9,2,3745,0.138624
9,3,3746,0.140662
9,4,3747,0.217956
9,5,3748,0.106088
9,6,3749,0.180054
9,7,3750,0.177487
9,8,3751,0.207122
9,9,3752,0.231046
9,10,3753,0.197201
9,11,3754,0.16035
9,12,3755,0.188356
9,13,3756,0.231769
9,14,3757,0.156686
9,15,3758,0.14245
9,16,3759,0.14252
9,17,3760,0.192899
9,18,3761,0.194776
9,19,3762,0.147346
9,20,3763,0.190895
9,21,3764,0.108129
9,22,3765,0.129921
9,23,3766,0.158521
9,24,3767,0.14413
9,25,3768,0.0844756
9,26,3769,0.195053
9,27,3770,0.149553
9,28,3771,0.234922
9,29,3772,0.154295
9,30,3773,0.113377
9,31,3774,0.132704
9,32,3775,0.14885
9,33,3776,0.12551
9,34,3777,0.21289
9,35,3778,0.220943
9,36,3779,0.199937
9,37,3780,0.144177
9,38,3781,0.121945
9,39,3782,0.0973792
9,40,3783,0.102994
9,41,3784,0.219074
9,42,3785,0.307595
9,43,3786,0.105386
9,44,3787,0.179225
9,45,3788,0.143273
9,46,3789,0.191644
9,47,3790,0.138258
9,48,3791,0.148936
9,49,3792,0.203392
9,50,3793,0.161858
9,51,3794,0.132745
9,52,3795,0.188057
9,53,3796,0.116533
9,54,3797,0.156658
9,55,3798,0.121761
9,56,3799,0.140267
9,57,3800,0.133008
9,58,3801,0.243575
9,59,3802,0.234175
9,60,3803,0.185015
9,61,3804,0.235349
9,62,3805,0.239065
9,63,3806,0.138304
9,64,3807,0.108162
9,65,3808,0.0732871
9,66,3809,0.164728
9,67,3810,0.20204
9,68,3811,0.276689
9,69,3812,0.186612
9,70,3813,0.126228
9,71,3814,0.188446
9,72,3815,0.102318
9,73,3816,0.192424
9,74,3817,0.198229
9,75,3818,0.156057
9,76,3819,0.104781
9,77,3820,0.0609592
9,78,3821,0.159406
9,79,3822,0.161411
9,80,3823,0.0987817
9,81,3824,0.307822
9,82,3825,0.187725
9,83,3826,0.117223
9,84,3827,0.14838
9,85,3828,0.101742
9,86,3829,0.173849
9,87,3830,0.120342
9,88,3831,0.199376
9,89,3832,0.107503
9,90,3833,0.0996983
9,91,3834,0.204643
9,92,3835,0.202844
9,93,3836,0.299004
9,94,3837,0.115109
9,95,3838,0.253596
9,96,3839,0.180671
9,97,3840,0.235628
9,98,3841,0.173526
9,99,3842,0.147655
9,100,3843,0.130942
9,101,3844,0.241521
9,102,3845,0.203186
9,103,3846,0.189787
9,104,3847,0.123247
9,105,3848,0.158872
9,106,3849,0.111206
9,107,3850,0.200652
9,108,3851,0.13413
9,109,3852,0.188409
9,110,3853,0.102959
9,111,3854,0.184347
9,112,3855,0.18676
9,113,3856,0.165737
9,114,3857,0.107802
9,115,3858,0.115313
9,116,3859,0.209948
9,117,3860,0.126734
9,118,3861,0.323391
9,119,3862,0.101699
9,120,3863,0.109487
9,121,3864,0.174041
9,122,3865,0.132524
9,123,3866,0.176977
9,124,3867,0.177208
9,125,3868,0.134574
9,126,3869,0.240753
9,127,3870,0.129673
9,128,3871,0.188688
9,129,3872,0.128983
9,130,3873,0.128591
9,131,3874,0.204031
9,132,3875,0.111423
9,133,3876,0.220497
9,134,3877,0.163893
9,135,3878,0.11321
9,136,3879,0.117912
9,137,3880,0.166375
9,138,3881,0.245374
9,139,3882,0.178198
9,140,3883,0.197482
9,141,3884,0.130733
9,142,3885,0.206803
9,143,3886,0.128542
9,144,3887,0.126176
9,145,3888,0.305389
9,146,3889,0.136094
9,147,3890,0.153545
9,148,3891,0.15112
9,149,3892,0.186312
9,150,3893,0.235756
9,151,3894,0.203838
9,152,3895,0.166874
9,153,3896,0.235212
9,154,3897,0.089988
9,155,3898,0.139711
9,156,3899,0.266683
9,157,3900,0.141197
9,158,3901,0.181282
9,159,3902,0.273824
9,160,3903,0.0800367
9,161,3904,0.120422
9,162,3905,0.278093
9,163,3906,0.14838
9,164,3907,0.156524
9,165,3908,0.182046
9,166,3909,0.110263
9,167,3910,0.143973
9,168,3911,0.169128
9,169,3912,0.211604
9,170,3913,0.144989
9,171,3914,0.163871
9,172,3915,0.197308
9,173,3916,0.147432
9,174,3917,0.217835
9,175,3918,0.170564
9,176,3919,0.197603
9,177,3920,0.087338
9,178,3921,0.13799
9,179,3922,0.146087
9,180,3923,0.203862
9,181,3924,0.158032
9,182,3925,0.106361
9,183,3926,0.0935797
9,184,3927,0.160584
9,185,3928,0.156293
9,186,3929,0.235846
9,187,3930,0.189814
9,188,3931,0.170884
9,189,3932,0.206401
9,190,3933,0.183364
9,191,3934,0.129257
9,192,3935,0.137757
9,193,3936,0.158818
9,194,3937,0.183925
9,195,3938,0.175391
9,196,3939,0.18524
9,197,3940,0.113749
9,198,3941,0.130437
9,199,3942,0.130557
9,200,3943,0.163155
9,201,3944,0.137837
9,202,3945,0.186876
9,203,3946,0.18695
9,204,3947,0.13062
9,205,3948,0.112885
9,206,3949,0.173549
9,207,3950,0.176798
9,208,3951,0.312217
9,209,3952,0.087504
9,210,3953,0.197863
9,211,3954,0.219604
9,212,3955,0.171009
9,213,3956,0.101817
9,214,3957,0.168422
9,215,3958,0.170983
9,216,3959,0.145422
9,217,3960,0.190363
9,218,3961,0.114701
9,219,3962,0.151045
9,220,3963,0.189337
9,221,3964,0.0949101
9,222,3965,0.0955947
9,223,3966,0.123316
9,224,3967,0.188916
9,225,3968,0.111881
9,226,3969,0.180839
9,227,3970,0.194998
9,228,3971,0.227871
9,229,3972,0.275975
9,230,3973,0.189882
9,231,3974,0.269648
9,232,3975,0.184505
9,233,3976,0.175839
9,234,3977,0.247139
9,235,3978,0.133211
9,236,3979,0.155877
9,237,3980,0.153252
9,238,3981,0.112364
9,239,3982,0.28118
9,240,3983,0.251249
9,241,3984,0.172508
9,242,3985,0.191704
9,243,3986,0.165296
9,244,3987,0.171444
9,245,3988,0.229227
9,246,3989,0.136891
9,247,3990,0.24006
9,248,3991,0.157724
9,249,3992,0.192237
9,250,3993,0.106008
9,251,3994,0.321798
9,252,3995,0.112568
9,253,3996,0.222154
9,254,3997,0.208572
9,255,3998,0.187879
9,256,3999,0.12198
9,257,4000,0.136143
9,258,4001,0.245121
9,259,4002,0.0609721
9,260,4003,0.176485
9,261,4004,0.124467
9,262,4005,0.159185
9,263,4006,0.169215
9,264,4007,0.278713
9,265,4008,0.126136
9,266,4009,0.173102
9,267,4010,0.233779
9,268,4011,0.124297
9,269,4012,0.227111
9,270,4013,0.171003
9,271,4014,0.146629
9,272,4015,0.113967
9,273,4016,0.185068
9,274,4017,0.117819
9,275,4018,0.173261
9,276,4019,0.232448
9,277,4020,0.105608
9,278,4021,0.169974
9,279,4022,0.124832
9,280,4023,0.234895
9,281,4024,0.096217
9,282,4025,0.180579
9,283,4026,0.160712
9,284,4027,0.153923
9,285,4028,0.22288
9,286,4029,0.0842797
9,287,4030,0.199413
9,288,4031,0.241909
9,289,4032,0.189649
9,290,4033,0.214932
9,291,4034,0.185356
9,292,4035,0.134696
9,293,4036,0.124983
9,294,4037,0.26933
9,295,4038,0.140201
9,296,4039,0.167314
9,297,4040,0.24247
9,298,4041,0.224923
9,299,4042,0.293485
9,300,4043,0.254888
9,301,4044,0.243502
9,302,4045,0.212817
9,303,4046,0.166302
9,304,4047,0.195473
9,305,4048,0.171908
9,306,4049,0.158412
9,307,4050,0.156875
9,308,4051,0.198825
9,309,4052,0.203972
9,310,4053,0.243519
9,311,4054,0.176983
9,312,4055,0.273129
9,313,4056,0.184396
9,314,4057,0.186929
9,315,4058,0.175307
9,316,4059,0.252131
9,317,4060,0.234437
9,318,4061,0.161315
9,319,4062,0.17075
9,320,4063,0.180433
9,321,4064,0.101757
9,322,4065,0.182676
9,323,4066,0.264408
9,324,4067,0.107806
9,325,4068,0.140009
9,326,4069,0.165885
9,327,4070,0.17702
9,328,4071,0.28611
9,329,4072,0.158632
9,330,4073,0.244664
9,331,4074,0.173777
9,332,4075,0.174915
9,333,4076,0.171274
9,334,4077,0.201617
9,335,4078,0.171066
9,336,4079,0.187866
9,337,4080,0.2928
9,338,4081,0.142646
9,339,4082,0.297709
9,340,4083,0.191713
9,341,4084,0.131112
9,342,4085,0.188854
9,343,4086,0.291247
9,344,4087,0.208525
9,345,4088,0.116445
9,346,4089,0.258262
9,347,4090,0.136466
9,348,4091,0.255421
9,349,4092,0.119531
9,350,4093,0.204966
9,351,4094,0.224005
9,352,4095,0.206083
9,353,4096,0.144088
9,354,4097,0.138998
9,355,4098,0.133017
9,356,4099,0.227654
9,357,4100,0.12357
9,358,4101,0.293701
9,359,4102,0.186324
9,360,4103,0.178758
9,361,4104,0.138178
9,362,4105,0.219271
9,363,4106,0.129744
9,364,4107,0.229267
9,365,4108,0.250611
9,366,4109,0.211329
9,367,4110,0.181068
9,368,4111,0.224617
9,369,4112,0.188047
9,370,4113,0.103988
9,371,4114,0.164031
9,372,4115,0.138114
9,373,4116,0.176
9,374,4117,0.255339
9,375,4118,0.140479
9,376,4119,0.283284
9,377,4120,0.319469
9,378,4121,0.214837
9,379,4122,0.169335
9,380,4123,0.142568
9,381,4124,0.138509
9,382,4125,0.20039
9,383,4126,0.180414
9,384,4127,0.212909
9,385,4128,0.165904
9,386,4129,0.148953
9,387,4130,0.194012
9,388,4131,0.0881976
9,389,4132,0.143925
9,390,4133,0.212437
9,391,4134,0.23262
9,392,4135,0.166257
9,393,4136,0.303897
9,394,4137,0.125381
9,395,4138,0.209287
9,396,4139,0.149607
9,397,4140,0.166695
9,398,4141,0.206321
9,399,4142,0.193003
9,400,4143,0.160846
9,401,4144,0.168608
9,402,4145,0.181176
9,403,4146,0.254567
9,404,4147,0.230668
9,405,4148,0.0999408
9,406,4149,0.11915
9,407,4150,0.267092
9,408,4151,0.179468
9,409,4152,0.145462
9,410,4153,0.210331
9,411,4154,0.265628
9,412,4155,0.247855
9,413,4156,0.224044
9,414,4157,0.228802
9,415,4158,0.137072
9,416,4159,0.0859679
9,417,4160,0.156661
9,418,4161,0.265929
9,419,4162,0.197246
9,420,4163,0.274503
9,421,4164,0.254406
9,422,4165,0.155965
9,423,4166,0.162158
9,424,4167,0.24773
9,425,4168,0.176013
9,426,4169,0.163549
9,427,4170,0.225746
9,428,4171,0.179717
9,429,4172,0.204253
9,430,4173,0.22099
9,431,4174,0.1807
9,432,4175,0.17784
9,433,4176,0.160814
9,434,4177,0.123765
9,435,4178,0.144441
9,436,4179,0.175731
9,437,4180,0.26816
9,438,4181,0.146509
9,439,4182,0.170183
9,440,4183,0.163343
9,441,4184,0.225132
9,442,4185,0.179936
9,443,4186,0.140054
9,444,4187,0.131174
9,445,4188,0.294852
9,446,4189,0.13283
9,447,4190,0.1238
9,448,4191,0.184703
9,449,4192,0.137787
9,450,4193,0.271002
9,451,4194,0.142438
9,452,4195,0.127126
9,453,4196,0.142232
9,454,4197,0.226995
9,455,4198,0.216701
9,456,4199,0.193671
9,457,4200,0.192484
9,458,4201,0.182632
9,459,4202,0.197968
9,460,4203,0.11253
9,461,4204,0.191013
9,462,4205,0.229135
9,463,4206,0.185043
9,464,4207,0.133877
9,465,4208,0.187168
9,466,4209,0.160627
9,467,4210,0.115273
9,468,4211,0.224699
10,1,4212,0.17088
10,2,4213,0.121143
10,3,4214,0.185034
10,4,4215,0.158188
10,5,4216,0.123501
10,6,4217,0.211915
10,7,4218,0.182476
10,8,4219,0.140028
10,9,4220,0.176448
10,10,4221,0.131784
10,11,4222,0.14565
10,12,4223,0.199209
10,13,4224,0.154045
10,14,4225,0.0989049
10,15,4226,0.192973
10,16,4227,0.112084
10,17,4228,0.169074
10,18,4229,0.168528
10,19,4230,0.138415
10,20,4231,0.295061
10,21,4232,0.105904
10,22,4233,0.150504
10,23,4234,0.121558
10,24,4235,0.143942
10,25,4236,0.0938107
10,26,4237,0.23227
10,27,4238,0.0775938
10,28,4239,0.181387
10,29,4240,0.182283
10,30,4241,0.109011
10,31,4242,0.224769
10,32,4243,0.119867
10,33,4244,0.12969
10,34,4245,0.134573
10,35,4246,0.132692
10,36,4247,0.21885
10,37,4248,0.139172
10,38,4249,0.130578
10,39,4250,0.228075
10,40,4251,0.128388
10,41,4252,0.214325
10,42,4253,0.184689
10,43,4254,0.134923
10,44,4255,0.106915
10,45,4256,0.190119
10,46,4257,0.178984
10,47,4258,0.137016
10,48,4259,0.111962
10,49,4260,0.230365
10,50,4261,0.108611
10,51,4262,0.160145
10,52,4263,0.11354
10,53,4264,0.160846
10,54,4265,0.148976
10,55,4266,0.259313
10,56,4267,0.140022
10,57,4268,0.160205
10,58,4269,0.0739128
10,59,4270,0.153646
10,60,4271,0.165009
10,61,4272,0.104495
10,62,4273,0.174999
10,63,4274,0.180564
10,64,4275,0.0940556
10,65,4276,0.12693
10,66,4277,0.143426
10,67,4278,0.0762698
10,68,4279,0.292518
10,69,4280,0.127673
10,70,4281,0.180903
10,71,4282,0.064682
10,72,4283,0.16772
10,73,4284,0.344091
10,74,4285,0.128366
10,75,4286,0.155694
10,76,4287,0.0643898
10,77,4288,0.165165
10,78,4289,0.160856
10,79,4290,0.121287
10,80,4291,0.143283
10,81,4292,0.136986
10,82,4293,0.191997
10,83,4294,0.112594
10,84,4295,0.192135
10,85,4296,0.151335
10,86,4297,0.0806807
10,87,4298,0.128743
10,88,4299,0.215931
10,89,4300,0.172275
10,90,4301,0.182542
10,91,4302,0.122226
10,92,4303,0.238848
10,93,4304,0.13841
10,94,4305,0.145488
10,95,4306,0.149727
10,96,4307,0.148474
10,97,4308,0.156813
10,98,4309,0.144072
10,99,4310,0.127492
10,100,4311,0.0951767
10,101,4312,0.196542
10,102,4313,0.200077
10,103,4314,0.20891
10,104,4315,0.171876
10,105,4316,0.106446
10,106,4317,0.158756
10,107,4318,0.229527
10,108,4319,0.157839
10,109,4320,0.22169
10,110,4321,0.152922
10,111,4322,0.151587
10,112,4323,0.104055
10,113,4324,0.226426
10,114,4325,0.140316
10,115,4326,0.188804
10,116,4327,0.156336
10,117,4328,0.195463
10,118,4329,0.15461
10,119,4330,0.222469
10,120,4331,0.159162
10,121,4332,0.225808
10,122,4333,0.193258
10,123,4334,0.240675
10,124,4335,0.16282
10,125,4336,0.168869
10,126,4337,0.171994
10,127,4338,0.156142
10,128,4339,0.156974
10,129,4340,0.0961668
10,130,4341,0.179272
10,131,4342,0.156352
10,132,4343,0.285591
10,133,4344,0.194395
10,134,4345,0.160068
10,135,4346,0.169267
10,136,4347,0.190751
10,137,4348,0.121871
10,138,4349,0.0915587
10,139,4350,0.184587
10,140,4351,0.108774
10,141,4352,0.170504
10,142,4353,0.205993
10,143,4354,0.138794
10,144,4355,0.220344
10,145,4356,0.178467
10,146,4357,0.119338
10,147,4358,0.182828
10,148,4359,0.184077
10,149,4360,0.229906
10,150,4361,0.0954353
10,151,4362,0.179792
10,152,4363,0.166881
10,153,4364,0.185576
10,154,4365,0.144867
10,155,4366,0.126599
10,156,4367,0.187261
10,157,4368,0.136337
10,158,4369,0.153337
10,159,4370,0.171309
10,160,4371,0.145227
10,161,4372,0.118446
10,162,4373,0.116029
10,163,4374,0.254587
10,164,4375,0.210802
10,165,4376,0.104418
10,166,4377,0.17788
10,167,4378,0.108469
10,168,4379,0.139004
10,169,4380,0.173969
10,170,4381,0.135751
10,171,4382,0.135425
10,172,4383,0.157501
10,173,4384,0.15183
10,174,4385,0.0804826
10,175,4386,0.161572
10,176,4387,0.0564877
10,177,4388,0.123241
10,178,4389,0.261203
10,179,4390,0.115172
10,180,4391,0.0572615
10,181,4392,0.110773
10,182,4393,0.108518
10,183,4394,0.132593
10,184,4395,0.224637
10,185,4396,0.270293
10,186,4397,0.208086
10,187,4398,0.111077
10,188,4399,0.201171
10,189,4400,0.248684
10,190,4401,0.12375
10,191,4402,0.163425
10,192,4403,0.235731
10,193,4404,0.253044
10,194,4405,0.218587
10,195,4406,0.18108
10,196,4407,0.16507
10,197,4408,0.214709
10,198,4409,0.147184
10,199,4410,0.13081
10,200,4411,0.172951
10,201,4412,0.110928
10,202,4413,0.209519
10,203,4414,0.212335
10,204,4415,0.280375
10,205,4416,0.123986
10,206,4417,0.125295
10,207,4418,0.182758
10,208,4419,0.13133
10,209,4420,0.198829
10,210,4421,0.184496
10,211,4422,0.199161
10,212,4423,0.175983
10,213,4424,0.0818835
10,214,4425,0.176697
10,215,4426,0.265813
10,216,4427,0.120574
10,217,4428,0.243625
10,218,4429,0.175292
10,219,4430,0.133811
10,220,4431,0.189079
10,221,4432,0.244234
10,222,4433,0.170747
10,223,4434,0.120437
10,224,4435,0.124907
10,225,4436,0.223764
10,226,4437,0.149423
10,227,4438,0.194809
10,228,4439,0.156329
10,229,4440,0.153142
10,230,4441,0.206175
10,231,4442,0.324034
10,232,4443,0.129862
10,233,4444,0.114917
10,234,4445,0.183198
10,235,4446,0.154537
10,236,4447,0.238381
10,237,4448,0.231361
10,238,4449,0.0885277
10,239,4450,0.239423
10,240,4451,0.161219
10,241,4452,0.244079
10,242,4453,0.138173
10,243,4454,0.208141
10,244,4455,0.073821
10,245,4456,0.19197
10,246,4457,0.21572
10,247,4458,0.135966
10,248,4459,0.111725
10,249,4460,0.118569
10,250,4461,0.14179
10,251,4462,0.16776
10,252,4463,0.102818
10,253,4464,0.172864
10,254,4465,0.185596
10,255,4466,0.105437
10,256,4467,0.12384
10,257,4468,0.10726
10,258,4469,0.143801
10,259,4470,0.104894
10,260,4471,0.152287
10,261,4472,0.1015
10,262,4473,0.154126
10,263,4474,0.231139
10,264,4475,0.116268
10,265,4476,0.187879
10,266,4477,0.109701
10,267,4478,0.0881799
10,268,4479,0.205952
10,269,4480,0.156059
10,270,4481,0.136275
10,271,4482,0.157587
10,272,4483,0.202968
10,273,4484,0.157453
10,274,4485,0.160608
10,275,4486,0.21992
10,276,4487,0.136021
10,277,4488,0.191534
10,278,4489,0.288491
10,279,4490,0.162869
10,280,4491,0.124687
10,281,4492,0.167074
10,282,4493,0.196164
10,283,4494,0.154381
10,284,4495,0.250141
10,285,4496,0.174506
10,286,4497,0.174053
10,287,4498,0.150825
10,288,4499,0.135381
10,289,4500,0.251502
10,290,4501,0.247102
10,291,4502,0.242754
10,292,4503,0.215244
10,293,4504,0.179649
10,294,4505,0.211151
10,295,4506,0.124103
10,296,4507,0.131851
10,297,4508,0.218852
10,298,4509,0.116835
10,299,4510,0.176045
10,300,4511,0.210177
10,301,4512,0.247346
10,302,4513,0.113124
10,303,4514,0.147664
10,304,4515,0.0832887
10,305,4516,0.146658
10,306,4517,0.201356
10,307,4518,0.176617
10,308,4519,0.0989586
10,309,4520,0.228061
10,310,4521,0.213304
10,311,4522,0.135635
10,312,4523,0.125734
10,313,4524,0.176324
10,314,4525,0.115257
10,315,4526,0.163819
10,316,4527,0.157739
10,317,4528,0.167375
10,318,4529,0.191664
10,319,4530,0.174304
10,320,4531,0.167355
10,321,4532,0.214386
10,322,4533,0.206194
10,323,4534,0.152216
10,324,4535,0.162155
10,325,4536,0.136147
10,326,4537,0.138583
10,327,4538,0.123367
10,328,4539,0.169181
10,329,4540,0.198613
10,330,4541,0.162529
10,331,4542,0.137279
10,332,4543,0.122542
10,333,4544,0.141541
10,334,4545,0.175043
10,335,4546,0.209575
10,336,4547,0.137074
10,337,4548,0.135455
10,338,4549,0.181412
10,339,4550,0.1616
10,340,4551,0.137213
10,341,4552,0.113142
10,342,4553,0.101382
10,343,4554,0.254315
10,344,4555,0.14192
10,345,4556,0.243883
10,346,4557,0.138918
10,347,4558,0.19248
10,348,4559,0.0649065
10,349,4560,0.140891
10,350,4561,0.214378
10,351,4562,0.170566
10,352,4563,0.126946
10,353,4564,0.179327
10,354,4565,0.125588
10,355,4566,0.20857
10,356,4567,0.21957
10,357,4568,0.11007
10,358,4569,0.176168
10,359,4570,0.169701
10,360,4571,0.244845
10,361,4572,0.215518
10,362,4573,0.141978
10,363,4574,0.143448
10,364,4575,0.210181
10,365,4576,0.193125
10,366,4577,0.198006
10,367,4578,0.122389
10,368,4579,0.193927
10,369,4580,0.132222
10,370,4581,0.200569
10,371,4582,0.174306
10,372,4583,0.181284
10,373,4584,0.220155
10,374,4585,0.113556
10,375,4586,0.141992
10,376,4587,0.161005
10,377,4588,0.19977
10,378,4589,0.152533
10,379,4590,0.104355
10,380,4591,0.15839
10,381,4592,0.152701
10,382,4593,0.259787
10,383,4594,0.174993
10,384,4595,0.128738
10,385,4596,0.208145
10,386,4597,0.190209
10,387,4598,0.231863
10,388,4599,0.183324
10,389,4600,0.101999
10,390,4601,0.140954
10,391,4602,0.133028
10,392,4603,0.147143
10,393,4604,0.142643
10,394,4605,0.259989
10,395,4606,0.09857
10,396,4607,0.109748
10,397,4608,0.159054
10,398,4609,0.243192
10,399,4610,0.0814506
10,400,4611,0.17103
10,401,4612,0.127281
10,402,4613,0.200281
10,403,4614,0.0998243
10,404,4615,0.191476
10,405,4616,0.131136
10,406,4617,0.245065
10,407,4618,0.184653
10,408,4619,0.168385
10,409,4620,0.204158
10,410,4621,0.177588
10,411,4622,0.213141
10,412,4623,0.196836
10,413,4624,0.196346
10,414,4625,0.130738
10,415,4626,0.153924
10,416,4627,0.174164
10,417,4628,0.149424
10,418,4629,0.160078
10,419,4630,0.192433
10,420,4631,0.148097
10,421,4632,0.173588
10,422,4633,0.140164
10,423,4634,0.176197
10,424,4635,0.170183
10,425,4636,0.136145
10,426,4637,0.179129
10,427,4638,0.15668
10,428,4639,0.0957078
10,429,4640,0.132291
10,430,4641,0.178954
10,431,4642,0.134772
10,432,4643,0.172511
10,433,4644,0.146144
10,434,4645,0.249665
10,435,4646,0.0986278
10,436,4647,0.176768
10,437,4648,0.127792
10,438,4649,0.129444
10,439,4650,0.272468
10,440,4651,0.178978
10,441,4652,0.124831
10,442,4653,0.266493
10,443,4654,0.218157
10,444,4655,0.253624
10,445,4656,0.141792
10,446,4657,0.166877
10,447,4658,0.184954
10,448,4659,0.128457
10,449,4660,0.211607
10,450,4661,0.177511
10,451,4662,0.170647
10,452,4663,0.18458
10,453,4664,0.149771
10,454,4665,0.116385
10,455,4666,0.244995
10,456,4667,0.121488
10,457,4668,0.20404
10,458,4669,0.0714831
10,459,4670,0.230806
10,460,4671,0.266523
10,461,4672,0.138276
10,462,4673,0.168667
10,463,4674,0.157802
10,464,4675,0.0893693
10,465,4676,0.255236
10,466,4677,0.252764
10,467,4678,0.0841133
10,468,4679,0.163633
